rid,sex,age,tenure_yr,SC_TOT,PC_TOT,CM_TOT,JP_TOT,PA_TOT
R0001,2,31,1.9,2.25,2.75,2.4375,2.5,4.0
R0002,1,32,0.8,3.0,3.9,4.0,4.0,3.75
R0003,2,35,4.2,3.2916666666666665,3.9,3.8125,3.5,3.125
R0004,1,34,4.7,3.25,3.65,3.8125,3.5,4.25
R0005,2,28,4.2,3.2916666666666665,3.75,4.3125,5.0,4.125
R0006,1,38,4.9,3.217391304347826,3.75,3.125,3.25,2.875
R0007,1,35,0.7,4.083333333333333,3.85,3.6875,4.25,3.125
R0008,2,34,4.4,2.7916666666666665,4.65,3.625,4.25,3.5
R0009,2,27,3.4,2.625,2.95,2.5625,3.0,4.125
R0010,1,33,4.3,3.3333333333333335,3.85,3.75,4.25,3.75
R0011,1,23,5.0,2.8333333333333335,2.7,2.4375,1.5,2.125
R0012,2,34,5.8,3.0,3.0,3.0,3.0,3.0
R0013,2,32,8.0,3.5,3.6,2.25,3.25,2.25
R0014,2,31,4.8,2.9583333333333335,3.35,3.75,4.5,2.0
R0015,1,36,3.9,3.0,3.55,4.375,4.0,2.5
R0016,1,39,5.9,3.125,3.15,3.75,3.75,3.25
R0017,1,27,5.2,2.9166666666666665,3.95,3.375,2.0,3.0
R0018,1,30,1.6,3.375,3.95,4.0,3.25,3.125
R0019,2,30,5.6,3.4166666666666665,2.6,3.3125,4.5,3.375
R0020,1,24,4.3,3.625,3.15,3.3125,4.25,3.0
R0021,2,26,1.5,3.75,3.5,3.625,4.0,4.125
R0022,2,39,3.4,3.4583333333333335,2.95,2.875,2.75,2.875
R0023,1,38,1.0,3.25,2.8,3.0625,3.0,4.375
R0024,1,29,3.8,3.7083333333333335,3.8,3.125,3.75,3.625
R0025,1,36,4.0,3.25,2.7,2.8125,2.75,2.375
R0026,1,36,2.5,2.7083333333333335,1.8,1.9375,2.25,1.25
R0027,1,37,0.9,4.083333333333333,4.8,3.9375,3.5,3.5
R0028,2,40,1.1,3.2083333333333335,2.4,2.625,2.5,3.5
R0030,1,27,0.5,2.6363636363636362,2.9473684210526314,2.5625,3.25,3.75
R0031,2,26,5.8,2.2083333333333335,2.5789473684210527,2.875,2.0,2.0
R0032,2,34,1.1,3.0,3.0,3.0,3.0,3.0
R0033,2,27,1.7,3.2083333333333335,3.4,3.3125,3.0,3.375
R0034,2,37,0.4,3.0,2.95,3.0625,3.5,3.125
R0035,2,29,3.6,3.0416666666666665,4.4,3.9375,4.25,4.125
R0037,2,26,7.1,2.625,2.85,3.3333333333333335,2.75,4.0
R0038,2,40,2.9,2.5833333333333335,3.8,3.466666666666667,4.5,2.375
R0039,1,33,4.2,2.9166666666666665,3.6,2.75,3.5,2.0
R0040,1,30,1.2,1.875,2.3,2.6875,1.25,2.625
R0041,1,28,1.6,2.8333333333333335,1.8,2.625,2.75,2.142857142857143
R0042,2,35,2.5,3.0,3.0,3.0,3.0,3.0
R0043,1,29,0.3,2.9583333333333335,2.9473684210526314,3.4375,2.75,3.75
R0044,2,39,9.5,3.7083333333333335,3.5789473684210527,2.9375,3.5,3.125
R0045,2,36,1.5,2.5,4.2,3.1875,3.0,3.875
R0046,1,20,1.5,2.2916666666666665,2.65,2.9375,3.0,2.25
R0047,1,38,8.5,3.0,3.0,3.0,3.0,3.0
R0048,2,31,3.9,2.875,2.35,3.8125,2.25,4.285714285714286
R0049,1,26,3.7,3.0,3.0,3.0,3.0,3.0
R0050,1,28,0.5,3.0416666666666665,2.65,3.1875,3.0,3.25
R0051,2,30,4.7,2.8333333333333335,2.6,3.0625,3.0,2.0
R0052,1,32,2.4,2.6666666666666665,2.95,3.625,2.75,3.125
R0053,2,30,7.1,2.8260869565217392,3.1,3.5625,2.0,3.375
R0054,2,24,9.5,3.0,3.0,3.0,3.0,3.0
R0055,1,27,2.9,3.0,1.75,3.125,2.25,3.625
R0056,1,24,1.8,2.4166666666666665,2.9,3.3125,2.0,2.625
R0057,1,30,2.8,2.7916666666666665,2.55,2.8125,4.0,2.5
R0058,2,34,3.3,2.75,2.55,2.625,3.0,2.125
R0059,1,32,4.7,3.0,2.05,2.4375,2.5,2.875
R0060,2,28,2.8,3.375,3.0526315789473686,2.875,3.75,3.625
R0061,1,35,4.8,2.25,2.85,2.0,2.25,1.375
R0062,2,26,2.4,2.5,2.75,2.5,2.0,2.857142857142857
R0063,2,23,1.3,3.1666666666666665,2.85,4.0,2.25,2.125
R0064,2,31,1.2,3.75,2.6842105263157894,3.125,1.25,2.25
R0065,2,33,2.4,3.0,3.0,3.0,3.0,3.0
R0066,2,21,3.8,3.4166666666666665,3.1052631578947367,3.75,4.25,2.75
R0067,1,36,3.9,3.4583333333333335,3.85,4.0625,2.75,3.625
R0068,1,29,0.6,2.7916666666666665,2.45,3.0625,2.0,3.875
R0069,2,26,5.5,2.8333333333333335,3.2,3.8125,2.25,3.5
R0070,1,36,7.4,3.0,3.0,3.0,3.0,3.0
R0071,2,30,2.5,2.9583333333333335,2.8421052631578947,3.0,3.0,3.875
R0072,2,27,2.5,3.0,3.0,3.0,3.0,3.0
R0073,1,40,1.1,3.0,3.0,3.0,3.0,3.0
R0074,1,33,2.8,3.125,3.65,3.8125,4.25,3.375
R0075,2,27,8.2,3.75,3.15,3.625,3.25,4.125
R0077,1,31,1.9,3.0,3.0,3.0,3.0,3.0
R0078,1,30,4.8,3.4583333333333335,3.65,3.625,3.25,2.5
R0080,2,27,4.3,3.2083333333333335,3.0,3.0,3.25,2.75
R0081,2,32,0.7,2.9583333333333335,1.55,2.9375,1.75,2.875
R0082,1,32,6.5,3.0,3.0,3.0,3.0,3.0
R0083,2,35,5.1,3.217391304347826,3.55,3.6875,2.75,4.5
R0084,1,34,5.0,3.0,3.9,4.0,4.0,3.75
R0085,1,31,2.5,2.5833333333333335,2.65,2.9375,3.5,2.125
R0086,1,43,1.3,3.9166666666666665,4.35,4.125,5.0,4.0
R0087,1,26,3.9,3.0416666666666665,3.25,2.625,3.75,3.0
R0088,1,30,0.9,2.5416666666666665,3.8,3.25,2.75,3.0
R0089,1,27,0.8,2.75,3.35,4.125,2.75,2.875
R0090,1,32,2.9,3.0833333333333335,2.8,3.4375,3.25,2.875
R0091,1,36,5.5,2.75,3.1,2.4375,2.25,2.875
R0092,1,23,0.9,3.0833333333333335,2.9,3.375,4.0,4.25
R0093,2,26,3.2,3.0416666666666665,3.4,3.5625,3.5,2.875
R0094,1,32,1.9,3.4583333333333335,2.2,2.375,2.5,2.375
R0095,1,30,6.1,3.0,2.8,3.8125,1.25,3.125
R0096,1,32,5.8,2.7083333333333335,3.35,2.5,3.0,3.25
R0097,2,24,4.1,3.25,2.9,3.375,2.25,3.857142857142857
R0098,1,34,11.0,2.5833333333333335,2.6666666666666665,3.125,2.0,2.25
R0100,2,31,5.2,4.125,3.6315789473684212,3.4375,2.75,3.625
R0101,1,39,2.0,2.7916666666666665,2.05,2.1875,2.75,2.875
R0102,1,23,2.0,2.0833333333333335,2.45,1.875,1.75,2.0
R0103,2,36,1.3,2.6666666666666665,2.8,2.6875,3.25,2.5
R0104,1,21,0.4,3.3333333333333335,4.157894736842105,3.375,3.75,3.875
R0105,2,27,2.1,3.2083333333333335,2.75,3.125,3.0,3.875
R0106,2,36,0.2,2.9583333333333335,2.85,2.875,3.0,2.75
R0107,2,24,6.4,2.875,2.8,4.1875,2.75,3.125
R0108,1,34,3.5,2.5416666666666665,2.65,3.25,3.0,2.5
R0109,2,26,0.3,3.0,3.0526315789473686,2.9375,3.0,3.0
R0110,1,31,3.5,2.9166666666666665,3.75,3.9375,4.25,4.375
R0111,2,24,4.1,3.0,3.0,3.0,3.0,3.0
R0112,2,26,1.4,3.1666666666666665,3.1,4.25,3.5,3.75
R0113,1,24,2.3,2.7083333333333335,2.8,2.8125,3.75,3.625
R0114,2,21,2.6,3.2916666666666665,4.3,3.1875,4.0,4.625
R0115,1,31,1.5,3.375,2.95,3.375,3.25,3.5
R0116,1,26,11.9,2.75,2.7,3.25,3.75,3.375
R0117,2,24,2.7,3.0,3.0,3.0,3.0,3.0
R0118,2,33,3.5,3.125,2.25,2.875,4.0,3.375
R0119,2,29,2.1,2.9583333333333335,3.5,2.5625,3.75,2.75
R0120,1,29,2.6,3.0416666666666665,2.3,3.5,4.75,3.75
R0121,2,25,0.7,2.2916666666666665,3.2,2.6875,2.6666666666666665,3.142857142857143
R0122,2,38,2.5,3.1666666666666665,3.15,3.375,3.25,3.375
R0123,1,39,6.3,3.0,3.8947368421052633,4.0,4.0,3.875
R0124,2,34,6.0,2.4166666666666665,3.95,3.25,3.5,2.125
R0125,2,34,3.8,3.2083333333333335,4.0,3.875,3.25,3.125
R0126,2,32,12.9,3.1666666666666665,3.95,2.875,4.0,3.375
R0127,1,38,4.6,3.3333333333333335,2.736842105263158,3.4375,2.75,3.625
R0128,2,35,5.3,2.375,3.5,3.1875,3.75,3.375
R0129,2,36,1.8,2.2083333333333335,3.1,3.6875,4.5,2.875
R0130,2,30,4.3,3.0,2.85,2.875,3.0,2.75
R0131,2,28,2.3,3.2083333333333335,3.45,3.6875,4.0,3.875
R0132,1,39,5.8,2.7916666666666665,2.8,3.25,4.25,3.25
R0133,2,39,5.7,3.25,3.45,2.625,4.5,3.5
R0134,1,39,2.6,3.0833333333333335,2.45,2.625,1.5,1.625
R0136,1,31,2.1,3.0833333333333335,3.6,3.875,4.5,4.0
R0138,2,38,0.7,3.2916666666666665,2.65,3.1875,3.0,3.625
R0139,1,26,1.7,2.25,2.1578947368421053,2.1875,3.25,2.625
R0141,2,21,1.0,3.0,3.0,3.0,3.0,3.0
R0142,2,32,5.0,2.5833333333333335,1.9,1.875,1.5,2.125
R0143,2,25,4.1,3.0,3.45,3.066666666666667,3.5,3.125
R0144,1,23,6.1,3.125,3.15,3.5,2.0,3.125
R0145,2,35,8.6,2.625,2.9,1.9375,2.25,1.625
R0146,2,29,2.7,3.2083333333333335,2.9473684210526314,3.5625,2.0,2.5
R0147,1,27,2.4,4.083333333333333,3.55,4.25,4.75,3.125
R0148,1,35,3.7,3.5416666666666665,4.15,4.0625,3.5,4.125
R0149,2,28,1.9,3.2916666666666665,3.0526315789473686,3.375,4.75,3.375
R0150,2,40,3.2,3.2083333333333335,3.5,3.2857142857142856,3.75,4.0
R0151,1,30,1.9,3.3333333333333335,3.85,3.0625,2.75,2.75
R0152,2,33,5.0,2.5,3.0,2.625,2.25,1.5
R0153,2,32,1.4,3.1666666666666665,4.05,3.4375,2.0,1.875
R0154,2,25,2.1,3.4166666666666665,3.2,2.9375,3.75,2.625
R0155,1,30,0.6,3.391304347826087,4.0,3.75,4.25,2.625
R0156,1,38,0.2,3.5,4.1,3.375,2.75,3.625
R0157,1,35,6.9,3.9583333333333335,3.4,3.6875,4.0,3.875
R0159,1,27,6.4,3.25,3.55,3.5625,4.75,4.125
R0161,2,32,7.4,2.7916666666666665,2.8,3.0,2.5,2.375
R0162,2,38,7.0,3.0416666666666665,3.65,4.4375,2.5,2.875
R0163,1,31,2.9,3.4583333333333335,3.45,4.0625,3.25,2.375
R0164,1,32,0.5,2.4166666666666665,2.6,2.6875,3.0,3.625
R0165,1,29,1.7,3.0,3.0,3.0,3.0,3.0
R0166,2,36,3.7,3.75,3.2,3.1875,3.0,3.375
R0167,2,39,2.4,3.4166666666666665,3.65,2.625,4.0,3.5714285714285716
R0168,2,26,10.5,3.7916666666666665,4.2,4.25,4.75,4.375
R0169,2,34,4.4,3.25,3.8,3.375,4.0,4.0
R0170,2,32,1.8,3.7916666666666665,4.3,3.5,3.25,1.625
R0171,2,33,3.1,3.375,3.65,3.1875,3.0,1.75
R0172,1,35,2.1,3.0416666666666665,3.15,3.9375,3.25,3.75
R0173,2,35,0.6,3.625,4.3,3.5,3.75,4.375
R0175,1,32,0.2,3.4347826086956523,3.736842105263158,3.3125,1.5,3.5
R0176,2,28,0.6,3.0416666666666665,3.15,3.625,4.0,3.25
R0177,2,22,3.0,2.9583333333333335,3.25,3.25,2.75,2.625
R0178,2,30,2.4,2.6666666666666665,2.95,3.0625,3.5,2.5
R0180,2,28,10.6,2.625,2.473684210526316,2.375,3.5,2.75
R0181,1,27,6.8,2.8333333333333335,3.6,3.1875,1.75,3.5
R0183,1,32,3.3,2.7916666666666665,2.9,2.8125,3.25,3.25
R0184,1,34,3.6,2.375,3.3,2.6875,3.0,2.25
R0185,2,37,2.6,3.0,3.8947368421052633,4.0,4.0,3.75
R0186,2,31,3.5,3.217391304347826,3.3,3.0625,3.25,3.875
R0187,2,27,0.1,2.5,2.8,2.25,2.25,2.0
R0188,2,28,2.7,2.9583333333333335,3.05,3.625,3.5,2.75
R0189,1,27,0.5,3.4583333333333335,3.1,2.9375,2.5,3.25
R0190,1,31,8.4,2.9166666666666665,3.85,3.0625,2.5,3.375
R0191,1,30,0.2,2.5,2.3,3.3125,4.25,2.25
R0192,1,35,3.2,2.2916666666666665,2.6315789473684212,1.875,3.5,2.5
R0193,2,28,2.2,3.1666666666666665,2.8,3.0,3.5,2.875
R0194,1,29,4.1,2.75,3.25,3.3125,3.75,2.75
R0195,2,26,5.2,3.1666666666666665,3.3157894736842106,3.533333333333333,4.5,4.625
R0196,2,32,5.4,2.4166666666666665,2.15,3.0625,2.75,3.875
R0197,1,31,3.1,3.4583333333333335,3.85,4.5625,4.0,4.875
R0198,1,38,10.7,2.9565217391304346,2.75,3.375,4.0,2.75
R0199,1,29,1.0,3.0,3.0,3.0,3.0,3.0
R0201,1,33,5.8,3.0416666666666665,3.75,3.375,4.25,2.75
R0202,1,26,0.5,3.1666666666666665,2.6,2.375,3.25,2.25
R0203,2,27,0.4,2.25,2.25,3.3125,2.75,2.375
R0204,2,26,7.4,2.0416666666666665,2.1,2.25,3.0,3.0
R0205,2,28,1.6,3.5416666666666665,3.526315789473684,3.625,3.75,4.625
R0206,2,29,1.0,3.9583333333333335,3.7,2.875,3.25,3.25
R0207,1,31,4.2,3.0,3.95,3.9375,4.0,3.75
R0208,2,32,13.0,3.5416666666666665,3.3,3.9375,4.0,4.0
R0210,1,32,4.0,2.6666666666666665,2.8,2.75,4.0,2.125
R0211,2,20,2.4,2.75,3.3,3.0,3.25,2.375
R0212,1,24,2.0,3.0,4.6,3.6875,2.5,4.125
R0213,1,30,1.2,3.625,4.25,3.6875,2.5,3.25
R0214,1,26,4.9,3.0833333333333335,4.157894736842105,3.5,4.0,3.0
R0215,2,37,6.2,2.125,2.75,4.25,5.0,4.25
R0216,1,30,0.3,3.0,3.0,3.0,3.0,3.0
R0217,2,31,3.7,2.217391304347826,2.95,2.75,3.0,1.375
R0218,2,42,2.4,3.375,3.6,3.75,4.25,2.375
R0219,1,30,5.5,3.25,3.4,3.125,3.25,4.375
R0220,2,27,1.0,3.0,3.0,3.0,3.0,3.0
R0221,1,31,5.3,3.2083333333333335,2.9,3.9375,3.0,2.833333333333333
R0222,2,35,1.9,3.2083333333333335,3.95,2.9375,2.75,2.625
R0224,1,33,3.6,3.5416666666666665,3.15,2.875,2.5,3.625
R0225,2,32,6.1,2.5416666666666665,2.95,3.9375,3.25,3.25
R0226,2,24,4.1,3.2083333333333335,3.7,4.1875,4.5,4.125
R0227,1,31,3.5,2.9166666666666665,2.6315789473684212,3.0625,2.25,2.625
R0228,1,33,5.2,2.5217391304347827,3.3,3.375,4.25,3.0
R0229,1,37,0.4,3.7916666666666665,4.1,4.3125,4.0,3.25
R0230,1,29,1.0,3.9583333333333335,3.8421052631578947,3.125,2.0,2.625
R0231,2,32,3.5,3.0833333333333335,2.85,4.0625,3.5,3.625
R0232,2,30,2.7,3.0,3.0,3.0,3.0,3.0
R0233,2,32,0.4,2.4166666666666665,3.3,4.0,3.25,2.375
R0234,1,29,4.0,1.8333333333333333,2.35,3.625,2.75,2.625
R0236,1,28,0.2,2.6666666666666665,2.85,3.0,3.25,1.875
R0237,1,28,1.7,3.25,4.1,4.5,4.75,4.875
R0238,2,20,4.0,2.9166666666666665,3.15,2.625,3.75,3.0
R0239,1,26,0.5,3.375,3.05,3.7857142857142856,2.0,2.375
R0240,2,38,0.5,3.0,3.0,3.0,3.0,3.0
R0241,2,35,6.0,3.5833333333333335,3.05,3.6666666666666665,3.5,4.125
R0242,2,25,2.0,3.0833333333333335,3.4,2.6875,2.5,3.5
R0243,1,21,8.6,3.125,3.05,2.8125,2.5,3.75
R0244,2,35,0.6,3.5,3.9,3.9375,3.5,3.0
R0245,1,34,5.6,2.625,3.95,4.3125,3.75,3.25
R0246,1,31,1.6,3.4583333333333335,3.15,4.0625,3.5,4.25
R0247,2,28,0.9,3.0,3.0,3.0,3.0,3.0
R0248,1,22,6.2,2.4782608695652173,3.55,3.125,4.25,3.25
R0249,1,34,1.8,2.4583333333333335,3.3,3.0,2.25,3.375
R0250,1,33,1.9,2.125,2.85,2.3125,2.25,2.375
R0251,2,36,1.8,3.6666666666666665,4.2,4.0,2.75,4.125
R0252,1,28,2.9,2.875,2.35,3.0625,4.0,2.25
R0253,2,34,0.6,3.375,3.3,3.9375,4.0,3.25
R0254,1,37,10.5,3.4166666666666665,3.75,3.6875,3.0,3.0
R0255,1,33,2.0,2.6666666666666665,3.0526315789473686,3.5625,3.0,2.75
R0256,1,31,2.1,2.3333333333333335,3.5,2.9375,3.5,2.75
R0257,2,23,4.9,2.8333333333333335,2.5,3.1875,3.0,2.5
R0258,1,31,4.1,2.5,3.35,3.625,4.75,3.875
R0259,1,22,6.1,2.739130434782609,3.25,4.125,4.75,3.75
R0260,1,39,1.7,2.7916666666666665,2.2,2.5,2.3333333333333335,2.125
R0261,1,35,2.4,2.5,2.55,2.5,3.5,2.875
R0262,1,31,9.5,3.0833333333333335,1.55,2.25,1.5,2.125
R0263,2,30,8.5,2.9166666666666665,3.7,3.25,2.5,2.125
R0264,2,29,2.5,2.8333333333333335,3.25,3.9375,3.0,4.375
R0265,1,30,0.4,2.75,2.35,3.25,4.0,4.375
R0266,2,31,0.1,3.125,3.9,4.1875,3.5,4.625
R0267,1,27,0.5,3.0,3.4,3.0,3.75,3.25
R0268,2,30,1.8,2.9166666666666665,3.6,3.0,2.0,2.5
R0269,1,30,3.9,3.0833333333333335,3.0,2.6875,1.5,2.625
R0270,1,29,6.8,3.0416666666666665,3.45,3.6875,5.0,2.0
R0272,1,34,1.7,3.4166666666666665,4.5,3.2666666666666666,3.25,4.25
R0273,1,36,5.0,3.1666666666666665,3.4,2.875,2.0,2.0
R0274,2,28,10.5,2.8260869565217392,3.05,2.625,3.75,2.375
R0275,2,38,1.6,3.5,3.8,3.1875,4.0,4.375
R0276,1,24,4.3,3.5416666666666665,3.5,3.6875,3.0,3.375
R0277,2,28,3.3,2.9583333333333335,2.25,4.1875,3.25,3.375
R0278,1,39,3.4,1.9583333333333333,2.4,2.5,3.0,2.5
R0279,1,31,11.1,2.4166666666666665,2.4,2.5625,3.25,3.25
R0280,2,30,1.9,2.375,2.5,3.25,2.5,2.25
R0281,2,32,5.6,3.0434782608695654,2.45,3.4375,2.25,3.0
R0282,2,29,4.4,3.2916666666666665,2.85,3.5,4.5,4.125
R0283,1,32,4.8,3.2916666666666665,3.9,4.1875,3.5,3.625
R0284,2,32,0.9,3.3333333333333335,3.7,4.375,4.25,3.75
R0285,1,31,3.3,2.8333333333333335,3.3,3.5625,3.25,2.25
R0286,1,24,1.8,2.7083333333333335,2.3,2.5,2.75,3.125
R0287,1,28,2.8,3.0833333333333335,2.2,3.0,2.5,3.375
R0288,2,32,2.4,2.8333333333333335,3.25,1.6875,2.75,3.125
R0289,2,26,5.8,3.5416666666666665,3.65,3.75,4.5,3.625
R0290,1,26,0.5,2.7083333333333335,2.75,3.533333333333333,4.25,3.75
R0291,1,27,0.4,3.0,3.0,3.0,3.0,3.0
R0292,1,30,1.2,3.25,2.6842105263157894,4.3125,3.5,4.25
R0293,2,33,1.3,2.4583333333333335,3.0,2.875,2.75,2.75
R0294,1,32,2.0,2.7916666666666665,3.05,3.75,2.75,3.875
R0295,1,35,5.6,3.25,2.45,2.6875,3.3333333333333335,3.375
R0296,2,32,5.5,2.625,2.2,3.375,3.0,3.0
R0297,2,27,6.3,3.3333333333333335,3.65,3.625,4.75,3.125
R0298,2,34,7.3,2.75,3.05,2.4375,2.5,2.125
R0299,2,36,2.1,2.7916666666666665,2.0526315789473686,3.0,2.5,4.5
R0300,1,29,1.7,3.2083333333333335,3.0,3.125,2.5,3.5
R0301,2,39,2.5,2.5,3.45,3.8125,3.75,3.875
R0302,1,36,3.7,2.0833333333333335,2.55,1.5,2.75,2.0
R0303,1,33,2.3,2.8333333333333335,2.2,3.375,3.25,2.75
R0304,2,31,4.7,2.8333333333333335,3.75,3.3125,3.3333333333333335,3.0
R0305,2,32,1.5,2.125,2.6,2.4375,1.0,2.5
R0306,2,33,4.9,2.0434782608695654,1.9,2.5625,3.5,1.625
R0307,2,35,5.9,3.125,3.25,3.625,4.5,2.875
R0308,2,32,8.7,3.4583333333333335,2.65,3.6875,3.25,4.75
R0309,2,27,1.0,2.6666666666666665,3.45,2.875,2.75,4.0
R0310,1,30,9.5,3.3333333333333335,3.05,2.75,3.0,3.25
R0311,2,28,0.3,3.875,4.4,3.875,4.75,4.25
R0312,2,20,1.4,3.7083333333333335,3.35,3.375,4.75,3.25
R0313,2,34,3.4,2.782608695652174,4.45,3.75,4.25,4.375
R0314,1,29,1.5,2.0,2.05,2.5625,3.25,2.5
R0315,2,30,1.4,3.2083333333333335,3.2,2.3125,2.75,2.75
R0316,1,30,1.5,3.0416666666666665,3.35,2.5625,1.25,3.5
R0317,2,27,3.0,3.5,4.2,4.0625,3.75,4.5
R0318,1,29,3.8,3.25,4.05,2.4375,3.5,3.25
R0319,1,37,0.4,2.4166666666666665,3.789473684210526,2.9375,3.25,3.125
R0320,2,36,9.8,3.0869565217391304,3.3,3.8125,3.5,3.625
R0321,2,22,1.1,3.2916666666666665,3.25,2.4375,2.5,3.75
R0322,1,34,0.6,3.8333333333333335,3.55,3.25,3.25,2.625
R0323,2,25,7.9,2.5,3.7,3.375,2.5,3.75
R0324,1,30,2.0,3.125,3.3,3.9375,3.5,4.0
R0325,1,36,2.8,3.125,3.1,2.8125,1.5,3.125
R0326,1,27,0.4,2.9583333333333335,3.9,4.0,4.0,3.75
R0327,2,23,0.2,3.3333333333333335,2.85,2.5625,2.75,3.875
R0329,1,22,0.5,2.875,3.0,3.0625,3.0,2.875
R0330,1,32,3.9,2.6666666666666665,3.15,4.375,4.25,3.0
R0331,2,38,2.3,3.4583333333333335,3.75,2.875,3.5,3.125
R0332,1,36,5.2,3.0,3.0,3.0,3.0,3.0
R0333,2,23,2.6,3.6666666666666665,4.2,4.375,4.25,3.75
R0334,2,30,2.1,3.125,2.9,3.375,3.5,3.125
R0335,2,30,8.3,3.0,3.0,3.0,3.0,3.0
R0336,2,31,4.4,4.416666666666667,4.1,3.5625,3.5,3.75
R0337,2,32,2.4,3.0,3.0,3.0,3.0,3.0
R0338,1,34,3.3,2.625,2.8,2.875,4.25,2.5
R0339,1,29,0.1,2.8333333333333335,3.65,4.5,4.75,4.375
R0340,2,42,5.7,2.6666666666666665,2.75,2.875,2.5,3.0
R0341,2,26,0.5,3.2083333333333335,3.85,2.875,4.0,4.125
R0342,1,30,7.4,3.25,2.65,3.5,3.5,2.75
R0343,2,34,9.0,2.0,2.7,2.6875,3.0,1.5
R0344,2,28,6.5,2.375,2.85,2.875,3.0,2.625
R0345,1,28,3.5,2.75,3.3,3.466666666666667,2.25,3.0
R0347,2,25,3.1,2.869565217391304,2.6,3.25,2.75,4.714285714285714
R0348,2,26,5.1,3.25,3.263157894736842,3.3125,3.75,3.0
R0349,2,27,1.2,2.5416666666666665,2.15,1.9375,1.75,2.625
R0350,1,41,5.1,2.7083333333333335,3.8,3.5,3.25,2.625
R0351,2,32,1.9,3.0833333333333335,3.15,2.8125,4.0,3.0
R0352,2,34,0.5,2.5833333333333335,2.05,2.625,3.0,3.875
R0353,2,29,0.1,2.0416666666666665,2.0,2.75,3.25,3.125
R0354,1,25,5.6,2.2916666666666665,2.8,2.9375,3.5,3.0
R0356,2,31,12.6,2.25,2.5,2.5,3.5,3.0
R0357,2,28,1.8,2.8333333333333335,3.3,3.0625,3.75,3.25
R0358,2,36,1.8,2.8333333333333335,2.65,2.4,3.25,2.75
R0359,2,28,0.6,3.0,3.0,3.0,3.0,3.0
R0361,2,32,1.4,3.3333333333333335,4.1,3.875,3.5,4.0
R0362,2,42,3.9,4.041666666666667,4.65,3.4375,4.0,4.625
R0363,1,34,3.1,3.0,3.75,3.25,4.5,4.125
R0365,1,32,5.9,2.9130434782608696,3.2,3.0625,2.5,3.25
R0366,2,36,5.5,2.875,4.0,2.0,3.0,3.0
R0367,1,36,1.3,2.875,4.1,3.25,3.75,4.125
R0368,2,36,5.5,3.2083333333333335,3.75,3.8125,4.0,3.375
R0369,2,27,4.5,3.0,3.0,3.0,3.0,3.0
R0370,1,40,1.5,3.5833333333333335,3.7,3.75,4.5,3.375
R0371,2,28,0.5,3.6666666666666665,3.05,3.125,4.0,3.75
R0372,2,30,1.7,3.25,3.45,3.25,3.25,2.875
R0373,1,27,2.4,3.5833333333333335,3.3,3.375,1.5,3.0
R0374,2,32,3.1,2.75,4.2,3.125,4.5,4.25
R0375,2,40,2.6,2.7083333333333335,2.55,3.0,2.25,3.125
R0376,1,31,10.1,2.625,4.0,3.8125,4.75,3.625
R0378,2,34,2.1,3.375,3.45,3.0625,2.25,2.625
R0380,2,27,2.3,2.9166666666666665,3.0,2.3125,3.0,2.125
R0381,1,28,1.8,2.739130434782609,3.65,2.9375,3.25,3.25
R0382,1,32,1.0,2.8333333333333335,3.7,3.125,2.5,3.75
R0383,1,35,6.6,2.5,3.7,3.5,4.75,3.125
R0384,2,27,1.6,3.1666666666666665,2.8,3.5625,2.5,3.75
R0385,2,28,1.0,3.2083333333333335,2.7222222222222223,3.1333333333333333,3.75,2.75
R0387,2,27,4.6,3.6666666666666665,4.05,4.3125,3.75,4.25
R0388,2,34,0.5,1.875,3.6,3.125,2.5,2.875
R0389,2,28,1.1,3.75,3.15,3.875,3.75,3.5
R0390,1,29,7.6,3.2916666666666665,4.55,4.125,3.5,4.125
R0392,1,37,2.7,3.0833333333333335,2.7,2.0625,2.5,3.25
R0393,2,30,6.8,2.5833333333333335,2.35,2.5,3.5,3.0
R0394,2,32,8.6,3.0,2.8,2.9375,3.0,2.625
R0395,1,30,2.3,2.9130434782608696,3.5,3.75,2.75,3.25
R0397,1,35,6.2,3.0416666666666665,3.35,3.3125,2.5,2.625
R0398,1,29,2.5,3.0,3.0,3.0,3.0,3.0
R0399,1,34,4.4,2.5833333333333335,2.55,3.1875,3.5,3.375
R0400,2,24,4.5,3.1666666666666665,3.6,3.6875,3.5,3.375
R0401,1,29,3.6,3.0,3.65,2.875,3.25,2.5714285714285716
R0402,2,28,7.1,2.75,3.85,3.375,4.25,3.5
R0403,2,29,2.7,3.0869565217391304,3.75,4.0625,2.25,3.0
R0404,2,34,1.9,3.125,3.25,3.875,3.0,3.375
R0405,2,29,0.8,2.4166666666666665,2.75,2.4375,1.75,2.25
R0407,2,27,1.0,3.7083333333333335,4.05,3.9375,5.0,3.625
R0408,1,27,0.5,3.0,3.0,3.0,3.0,3.0
R0409,2,27,1.8,3.5416666666666665,2.75,3.0625,2.25,3.125
R0410,2,28,3.0,2.9583333333333335,3.45,3.3125,4.5,3.375
R0411,1,23,1.5,2.875,3.9473684210526314,4.6875,3.75,3.375
R0412,1,44,1.3,2.9583333333333335,3.263157894736842,3.25,2.25,2.5
R0413,2,36,0.2,2.869565217391304,4.5,3.625,3.25,2.875
R0414,2,23,1.2,2.7083333333333335,3.2,3.1875,2.75,4.25
R0415,1,25,1.9,2.5652173913043477,2.2,2.25,3.25,3.625
R0416,1,32,2.6,3.1666666666666665,2.95,3.6875,3.5,3.5
R0417,1,28,11.3,3.125,3.75,3.875,3.75,3.0
R0419,2,23,0.7,3.4166666666666665,3.65,4.1875,4.333333333333333,3.25
R0420,1,27,0.4,2.5,2.85,3.4375,3.0,2.25
R0421,1,33,6.7,2.375,3.526315789473684,3.125,2.25,3.5
R0422,2,35,8.3,2.6666666666666665,3.65,3.6,4.0,4.0
R0423,2,34,2.1,2.5416666666666665,3.65,3.4375,3.5,2.7142857142857144
R0425,2,43,5.9,2.9166666666666665,2.95,3.125,3.25,2.5
R0426,1,29,4.5,3.9583333333333335,3.55,4.3125,4.25,4.25
R0427,2,29,1.2,2.3043478260869565,2.65,2.75,3.25,2.375
R0428,2,32,3.2,3.1739130434782608,2.65,2.0625,2.0,3.25
R0430,2,31,3.2,2.1666666666666665,2.45,2.8125,3.5,2.125
R0431,1,22,7.0,3.0416666666666665,3.95,3.25,2.0,3.0
R0432,1,30,3.0,3.0416666666666665,3.05,3.0625,2.5,3.125
R0433,1,35,6.8,2.625,3.15,3.25,4.25,3.125
R0434,2,27,3.7,3.0416666666666665,3.0,3.625,3.5,2.75
R0435,2,30,1.8,3.5416666666666665,2.3,2.6875,1.0,2.25
R0436,1,41,3.6,3.4583333333333335,2.65,3.3125,3.5,3.0
R0437,2,29,0.0,3.5416666666666665,2.6,3.125,2.5,1.75
R0439,2,29,3.3,4.0,4.578947368421052,4.5625,4.75,4.625
R0440,2,26,3.6,3.0416666666666665,4.2631578947368425,3.375,3.0,4.625
R0441,1,22,1.4,3.25,3.75,3.1875,3.25,2.875
R0442,2,30,1.4,2.625,2.473684210526316,2.0625,2.25,2.125
R0443,2,25,1.2,3.375,4.1,4.1875,4.75,4.75
R0445,2,22,0.4,3.6666666666666665,3.9,3.0625,4.5,3.625
R0446,2,31,2.2,3.0,2.35,2.6875,3.0,2.5
R0447,2,32,2.4,2.875,2.65,2.5625,2.0,2.375
R0448,1,24,3.2,2.9583333333333335,3.45,2.9375,3.0,2.75
R0449,1,37,4.4,2.4583333333333335,2.0,3.1333333333333333,3.0,2.625
R0450,1,31,0.7,3.5,3.5,4.0,4.75,3.0
R0451,2,24,3.9,3.0416666666666665,2.2,3.0,2.5,2.875
R0452,1,41,5.0,2.875,3.8,3.4375,3.0,3.625
R0453,1,35,3.5,3.2916666666666665,3.35,2.3125,3.0,2.7142857142857144
R0454,1,36,7.7,3.75,3.2,2.5625,2.5,3.625
R0455,2,36,2.3,3.4583333333333335,4.0,3.875,5.0,2.625
R0456,2,32,0.7,2.7083333333333335,2.8,4.0,4.0,4.25
R0457,1,33,2.2,3.125,3.5,3.125,3.25,2.75
R0458,2,36,5.7,2.7916666666666665,2.3,2.9375,3.25,3.0
R0459,1,29,0.8,3.130434782608696,3.7,3.3125,2.75,3.875
R0460,1,28,0.2,2.625,3.1,3.25,3.25,2.75
R0462,1,39,1.8,3.0,3.8947368421052633,4.0,4.0,3.75
R0463,1,30,2.2,3.3333333333333335,3.25,3.6875,2.0,2.875
R0464,1,32,3.8,3.25,4.55,3.8125,4.5,4.125
R0465,2,33,3.9,2.75,2.35,3.1875,3.0,2.7142857142857144
R0466,1,31,7.9,3.25,2.5,2.875,3.0,2.125
R0467,1,30,1.1,3.4583333333333335,3.35,4.375,4.5,4.125
R0468,1,38,8.7,2.625,3.3,1.8125,2.25,3.0
