rid,org_id,sex,age,edu,tenure_yr,career_yr,n_prev_job,rank,firm_size,emp_type,wage_10k,SC_TOT,WE_TOT,TI_TOT,LS_TOT,time_months,event
R0001,ORG01,2,31,3,1.9,6.6,3,1,1,2,251.0,2.25,3.25,3.3333333333333335,2.0,3.6,1.0
R0002,ORG01,1,32,3,0.8,4.3,1,1,3,1,147.0,3.0,4.0,4.0,4.0,22.8,0.0
R0003,ORG01,2,35,1,4.2,7.7,2,1,1,1,203.0,3.2916666666666665,3.4166666666666665,2.0,3.4,17.0,0.0
R0004,ORG01,1,34,1,4.7,6.8,1,1,2,1,356.0,3.25,2.8333333333333335,3.0,2.6,2.2,1.0
R0005,ORG01,2,28,3,4.2,6.7,0,1,1,1,211.0,3.2916666666666665,4.166666666666667,3.3333333333333335,2.4,14.3,0.0
R0006,ORG01,1,38,3,4.9,5.4,1,3,3,1,,3.217391304347826,3.5,3.3333333333333335,3.8000000000000003,3.6,1.0
R0007,ORG01,1,35,1,0.7,2.9,1,1,1,1,273.0,4.083333333333333,4.181818181818182,3.0,3.8000000000000003,10.4,1.0
R0008,ORG01,2,34,3,4.4,5.2,1,1,3,1,240.0,2.7916666666666665,4.0,2.3333333333333335,2.6,32.7,0.0
R0009,ORG02,2,27,2,3.4,7.4,2,3,1,1,323.0,2.625,2.3333333333333335,4.333333333333333,3.0,3.8,1.0
R0010,ORG02,1,33,3,4.3,7.0,3,3,1,2,193.0,3.3333333333333335,4.0,2.3333333333333335,3.8000000000000003,20.8,0.0
R0011,ORG02,1,23,4,5.0,7.0,1,6,1,1,237.0,2.8333333333333335,2.75,4.333333333333333,2.4,5.6,1.0
R0012,ORG02,2,34,3,5.8,9.5,0,2,3,1,336.0,3.0,3.0,3.0,3.0,13.5,0.0
R0013,ORG02,2,32,3,8.0,12.3,2,2,2,1,,3.5,3.0,4.0,4.2,9.8,0.0
R0014,ORG02,2,31,1,4.8,7.9,2,2,1,1,366.0,2.9583333333333335,3.9166666666666665,2.3333333333333335,4.6000000000000005,30.2,0.0
R0015,ORG02,1,36,3,3.9,5.3,4,1,2,1,509.0,3.0,3.5,4.666666666666667,4.6000000000000005,5.9,1.0
R0016,ORG02,1,39,3,5.9,8.0,2,2,1,1,320.0,3.125,3.0833333333333335,3.6666666666666665,2.6,12.0,0.0
R0017,ORG02,1,27,3,5.2,6.7,1,2,1,1,424.0,2.9166666666666665,3.1666666666666665,3.0,4.6000000000000005,12.4,0.0
R0018,ORG03,1,30,3,1.6,3.2,1,2,2,1,279.0,3.375,3.75,3.3333333333333335,2.4,29.9,0.0
R0019,ORG03,2,30,3,5.6,5.8,0,1,3,1,233.0,3.4166666666666665,2.8333333333333335,4.0,2.6,6.1,1.0
R0020,ORG03,1,24,3,4.3,5.0,0,2,2,1,,3.625,3.8333333333333335,2.6666666666666665,2.8000000000000003,14.4,0.0
R0021,ORG03,2,26,3,1.5,4.6,0,2,3,1,,3.75,4.0,3.0,3.0,13.2,0.0
R0022,ORG03,2,39,3,3.4,5.4,1,1,3,1,219.0,3.4583333333333335,3.1666666666666665,2.6666666666666665,3.6,12.1,0.0
R0023,ORG03,1,38,3,1.0,3.5,1,1,1,1,263.0,3.25,3.25,3.3333333333333335,2.5,12.2,0.0
R0024,ORG03,1,29,2,3.8,4.9,1,4,1,1,268.0,3.7083333333333335,3.0833333333333335,3.3333333333333335,3.4,17.3,1.0
R0025,ORG03,1,36,3,4.0,5.0,2,1,3,1,274.0,3.25,3.25,4.333333333333333,3.6,8.6,1.0
R0026,ORG03,1,36,3,2.5,3.4,1,2,2,1,324.0,2.7083333333333335,3.0833333333333335,5.0,2.4,4.0,1.0
R0027,ORG03,1,37,3,0.9,3.9,1,2,3,1,220.0,4.083333333333333,4.25,1.6666666666666667,4.3999999999999995,26.3,0.0
R0028,ORG03,2,40,2,1.1,3.1,1,1,3,1,164.0,3.2083333333333335,3.1666666666666665,3.0,4.3999999999999995,6.0,1.0
R0030,ORG04,1,27,2,0.5,2.8,0,1,2,1,241.0,2.6363636363636362,2.5833333333333335,3.0,3.1999999999999997,11.8,1.0
R0031,ORG04,2,26,3,5.8,13.9,5,1,1,1,182.0,2.2083333333333335,2.25,5.0,3.4,0.4,1.0
R0032,ORG04,2,34,3,1.1,2.9,2,1,1,1,235.0,3.0,3.0,3.0,3.0,35.7,0.0
R0033,ORG04,2,27,1,1.7,9.4,0,1,1,1,284.0,3.2083333333333335,2.75,3.6666666666666665,2.4,9.4,0.0
R0034,ORG04,2,37,3,0.4,0.7,4,3,1,1,301.0,3.0,2.9166666666666665,2.6666666666666665,2.6,10.4,1.0
R0035,ORG04,2,29,1,3.6,7.4,3,1,3,1,219.0,3.0416666666666665,4.416666666666667,3.3333333333333335,2.4,12.2,0.0
R0037,ORG04,2,26,3,7.1,8.9,0,2,1,1,,2.625,2.9166666666666665,3.3333333333333335,3.1999999999999997,36.0,0.0
R0038,ORG04,2,40,3,2.9,4.9,1,1,1,1,144.0,2.5833333333333335,3.9166666666666665,2.3333333333333335,3.4,27.4,0.0
R0039,ORG04,1,33,2,4.2,6.9,0,1,1,1,259.0,2.9166666666666665,3.6666666666666665,4.0,3.6,14.5,0.0
R0040,ORG04,1,30,5,1.2,4.4,4,2,1,1,245.0,1.875,3.25,4.0,2.0,7.7,1.0
R0041,ORG04,1,28,3,1.6,3.8,1,2,3,1,262.0,2.8333333333333335,2.1666666666666665,3.6666666666666665,3.4,1.1,1.0
R0042,ORG04,2,35,4,2.5,10.1,1,4,1,1,233.0,3.0,3.0,3.0,3.0,10.2,0.0
R0043,ORG04,1,29,4,0.3,4.2,1,1,1,1,370.0,2.9583333333333335,2.5454545454545454,3.3333333333333335,2.6,28.6,1.0
R0044,ORG04,2,39,3,9.5,12.8,1,3,1,1,,3.7083333333333335,4.25,4.0,1.8,35.1,0.0
R0045,ORG05,2,36,3,1.5,4.7,3,1,1,1,195.0,2.5,3.0,4.333333333333333,2.6,6.6,1.0
R0046,ORG05,1,20,3,1.5,4.7,3,1,2,1,139.0,2.2916666666666665,3.75,5.0,4.0,6.6,1.0
R0047,ORG05,1,38,2,8.5,14.2,3,1,1,1,170.0,3.0,3.0,3.0,3.0,1.5,1.0
R0048,ORG05,2,31,2,3.9,4.6,2,2,2,2,,2.875,3.3636363636363638,3.3333333333333335,2.8000000000000003,11.2,0.0
R0049,ORG05,1,26,3,3.7,5.1,2,4,3,1,,3.0,3.0,3.0,3.0,9.3,1.0
R0050,ORG05,1,28,3,0.5,1.4,1,1,3,1,233.0,3.0416666666666665,2.1818181818181817,3.0,2.8000000000000003,13.7,1.0
R0051,ORG05,2,30,3,4.7,9.4,1,1,1,1,132.0,2.8333333333333335,3.0,4.666666666666667,3.1999999999999997,2.8,1.0
R0052,ORG05,1,32,3,2.4,4.5,2,2,2,1,294.0,2.6666666666666665,2.6666666666666665,4.333333333333333,2.8000000000000003,0.8,1.0
R0053,ORG05,2,30,2,7.1,12.6,0,1,1,1,225.0,2.8260869565217392,3.0833333333333335,3.3333333333333335,3.1999999999999997,1.3,1.0
R0054,ORG05,2,24,3,9.5,12.2,2,2,1,1,220.0,3.0,3.0,3.0,3.0,30.0,0.0
R0055,ORG05,1,27,2,2.9,3.9,0,1,1,1,255.0,3.0,1.75,4.0,1.8,9.4,1.0
R0056,ORG05,1,24,3,1.8,4.7,2,2,1,1,260.0,2.4166666666666665,2.8333333333333335,4.666666666666667,3.0,4.8,1.0
R0057,ORG05,1,30,3,2.8,6.7,1,1,1,1,266.0,2.7916666666666665,2.3333333333333335,3.6666666666666665,2.1999999999999997,3.1,1.0
R0058,ORG05,2,34,3,3.3,4.9,1,2,1,1,257.0,2.75,2.6666666666666665,4.0,3.0,7.4,1.0
R0059,ORG06,1,32,2,4.7,5.6,2,1,1,1,273.0,3.0,2.6666666666666665,3.6666666666666665,3.1999999999999997,12.9,0.0
R0060,ORG06,2,28,3,2.8,3.8,0,2,1,1,229.0,3.375,2.3333333333333335,2.6666666666666665,2.0,5.8,1.0
R0061,ORG06,1,35,3,4.8,7.1,0,3,1,1,274.0,2.25,3.090909090909091,5.0,1.2,3.3,1.0
R0062,ORG06,2,26,3,2.4,6.5,1,2,1,1,272.0,2.5,2.4166666666666665,4.0,2.0,13.8,0.0
R0063,ORG06,2,23,3,1.3,7.9,0,2,1,1,200.0,3.1666666666666665,2.5,3.3333333333333335,2.8000000000000003,26.7,0.0
R0064,ORG06,2,31,1,1.2,3.4,0,1,2,1,279.0,3.75,3.1666666666666665,5.0,4.0,1.8,1.0
R0065,ORG06,2,33,2,2.4,5.1,1,3,1,1,160.0,3.0,3.0,3.0,3.0,15.5,1.0
R0066,ORG06,2,21,4,3.8,10.7,1,2,3,1,211.0,3.4166666666666665,3.3333333333333335,4.333333333333333,2.8000000000000003,10.0,0.0
R0067,ORG06,1,36,2,3.9,4.7,1,3,1,1,270.0,3.4583333333333335,3.5833333333333335,3.6666666666666665,2.4,31.8,0.0
R0068,ORG07,1,29,3,0.6,2.5,1,2,1,1,387.0,2.7916666666666665,2.1666666666666665,3.0,2.4,3.2,1.0
R0069,ORG07,2,26,3,5.5,7.1,4,1,1,1,154.0,2.8333333333333335,2.6666666666666665,4.0,4.2,13.4,1.0
R0070,ORG07,1,36,3,7.4,8.2,0,3,1,1,239.0,3.0,3.0,3.0,3.0,2.7,1.0
R0071,ORG07,2,30,3,2.5,5.0,3,2,1,1,275.0,2.9583333333333335,3.0833333333333335,3.0,2.6,21.9,0.0
R0072,ORG07,2,27,3,2.5,4.0,2,2,1,1,282.0,3.0,3.0,3.0,3.0,2.3,1.0
R0073,ORG07,1,40,3,1.1,2.3,0,1,1,1,233.0,3.0,3.0,3.0,3.0,25.3,0.0
R0074,ORG07,1,33,3,2.8,4.3,3,2,1,1,343.0,3.125,4.333333333333333,2.3333333333333335,3.6,31.9,0.0
R0075,ORG07,2,27,3,8.2,12.9,0,2,1,2,220.0,3.75,4.75,4.0,3.6,23.8,0.0
R0077,ORG08,1,31,4,1.9,3.1,2,1,3,1,279.0,3.0,3.0,3.0,3.0,3.8,1.0
R0078,ORG08,1,30,3,4.8,6.1,4,3,3,1,160.0,3.4583333333333335,3.5833333333333335,2.3333333333333335,2.6,26.8,0.0
R0080,ORG08,2,27,5,4.3,5.1,0,1,2,1,246.0,3.2083333333333335,1.8333333333333333,3.6666666666666665,2.4,13.7,1.0
R0081,ORG08,2,32,3,0.7,1.4,2,1,1,1,208.0,2.9583333333333335,1.4166666666666667,2.3333333333333335,1.5999999999999999,1.2,1.0
R0082,ORG09,1,32,3,6.5,10.2,4,1,1,1,246.0,3.0,3.0,3.0,3.0,4.6,1.0
R0083,ORG09,2,35,1,5.1,6.5,1,1,1,1,286.0,3.217391304347826,3.1666666666666665,3.0,4.0,22.5,0.0
R0084,ORG09,1,34,3,5.0,11.8,1,2,1,1,219.0,3.0,4.0,4.0,4.0,1.6,1.0
R0085,ORG09,1,31,3,2.5,3.0,1,2,2,1,258.0,2.5833333333333335,3.75,4.333333333333333,4.3999999999999995,10.0,0.0
R0086,ORG09,1,43,3,1.3,4.9,3,1,1,1,109.0,3.9166666666666665,4.083333333333333,1.6666666666666667,3.6,18.2,1.0
R0087,ORG09,1,26,3,3.9,6.4,1,2,2,1,448.0,3.0416666666666665,3.0833333333333335,4.0,3.4,0.1,1.0
R0088,ORG09,1,30,3,0.9,3.5,1,2,2,2,236.0,2.5416666666666665,4.083333333333333,3.0,3.8000000000000003,27.4,0.0
R0089,ORG09,1,27,2,0.8,6.6,1,4,1,1,139.0,2.75,2.3333333333333335,3.0,4.6000000000000005,14.0,1.0
R0090,ORG10,1,32,3,2.9,5.0,1,1,1,1,455.0,3.0833333333333335,3.0,3.3333333333333335,2.1999999999999997,29.6,0.0
R0091,ORG10,1,36,2,5.5,11.6,1,1,1,1,173.0,2.75,2.25,4.0,3.1999999999999997,18.8,0.0
R0092,ORG10,1,23,3,0.9,1.4,3,2,1,1,206.0,3.0833333333333335,2.8333333333333335,2.6666666666666665,2.0,4.5,1.0
R0093,ORG10,2,26,3,3.2,3.8,0,3,1,1,327.0,3.0416666666666665,2.5,3.3333333333333335,2.8000000000000003,5.0,1.0
R0094,ORG10,1,32,3,1.9,9.3,5,1,2,2,2400.0,3.4583333333333335,2.25,3.3333333333333335,3.4,7.2,1.0
R0095,ORG10,1,30,3,6.1,8.5,2,1,1,1,290.0,3.0,3.1666666666666665,4.666666666666667,3.1999999999999997,15.0,1.0
R0096,ORG10,1,32,3,5.8,10.2,1,1,2,1,,2.7083333333333335,2.6666666666666665,3.0,2.1999999999999997,9.2,1.0
R0097,ORG10,2,24,3,4.1,4.8,2,4,1,1,213.0,3.25,2.5,2.6666666666666665,3.4,4.2,1.0
R0098,ORG10,1,34,3,11.0,19.2,0,1,1,1,211.0,2.5833333333333335,1.75,2.3333333333333335,2.4,13.4,1.0
R0100,ORG11,2,31,3,5.2,7.4,0,3,1,1,353.0,4.125,3.75,1.3333333333333333,4.2,11.1,1.0
R0101,ORG11,1,39,2,2.0,4.9,1,3,3,1,,2.7916666666666665,3.25,4.0,3.0,22.9,0.0
R0102,ORG11,1,23,3,2.0,3.4,1,1,1,1,194.0,2.0833333333333335,2.9166666666666665,4.333333333333333,2.6,2.3,1.0
R0103,ORG11,2,36,2,1.3,9.3,1,1,1,1,383.0,2.6666666666666665,2.5833333333333335,2.3333333333333335,3.4,28.6,0.0
R0104,ORG11,1,21,4,0.4,0.8,4,3,3,1,190.0,3.3333333333333335,3.0833333333333335,3.3333333333333335,2.8000000000000003,3.6,1.0
R0105,ORG11,2,27,5,2.1,10.3,1,3,3,1,135.0,3.2083333333333335,3.0833333333333335,4.666666666666667,3.1999999999999997,1.2,1.0
R0106,ORG11,2,36,1,0.2,3.0,1,1,2,1,247.0,2.9583333333333335,2.9166666666666665,3.0,3.0,2.7,1.0
R0107,ORG11,2,24,3,6.4,9.7,1,1,1,1,196.0,2.875,3.3333333333333335,1.6666666666666667,3.8000000000000003,14.4,1.0
R0108,ORG11,1,34,1,3.5,4.3,2,1,1,1,421.0,2.5416666666666665,3.3333333333333335,3.3333333333333335,2.6,19.4,1.0
R0109,ORG11,2,26,3,0.3,2.6,0,1,1,1,316.0,3.0,3.25,3.0,3.0,31.1,0.0
R0110,ORG11,1,31,2,3.5,8.5,1,3,3,1,135.0,2.9166666666666665,3.0,3.3333333333333335,3.0,16.9,0.0
R0111,ORG11,2,24,3,4.1,4.9,0,1,1,1,427.0,3.0,3.0,3.0,3.0,5.0,1.0
R0112,ORG11,2,26,3,1.4,2.2,2,4,2,1,242.0,3.1666666666666665,3.5833333333333335,4.0,3.4,31.3,0.0
R0113,ORG11,1,24,3,2.3,7.7,2,3,1,1,157.0,2.7083333333333335,3.1666666666666665,4.0,2.6,9.8,0.0
R0114,ORG11,2,21,1,2.6,4.9,3,1,1,1,329.0,3.2916666666666665,3.8333333333333335,3.0,3.4,4.2,1.0
R0115,ORG12,1,31,3,1.5,3.0,1,3,1,1,224.0,3.375,2.4166666666666665,2.6666666666666665,3.6,14.6,0.0
R0116,ORG12,1,26,2,11.9,14.3,0,1,1,1,197.0,2.75,3.1666666666666665,3.0,3.0,8.9,1.0
R0117,ORG12,2,24,3,2.7,3.8,2,1,1,1,293.0,3.0,3.0,3.0,3.0,19.2,1.0
R0118,ORG12,2,33,3,3.5,9.3,1,1,1,1,170.0,3.125,3.5833333333333335,2.3333333333333335,3.4,9.9,0.0
R0119,ORG12,2,29,3,2.1,2.3,1,2,1,1,,2.9583333333333335,3.5833333333333335,3.3333333333333335,2.0,16.2,1.0
R0120,ORG12,1,29,2,2.6,5.7,5,2,1,1,235.0,3.0416666666666665,2.9166666666666665,3.3333333333333335,2.8000000000000003,6.2,1.0
R0121,ORG12,2,25,3,0.7,4.4,2,2,2,1,439.0,2.2916666666666665,2.75,3.0,3.8000000000000003,5.6,1.0
R0122,ORG12,2,38,3,2.5,2.9,3,2,1,1,222.0,3.1666666666666665,3.3333333333333335,2.3333333333333335,2.6,10.8,0.0
R0123,ORG12,1,39,3,6.3,7.8,2,4,1,1,290.0,3.0,3.9166666666666665,4.0,4.0,10.0,1.0
R0124,ORG12,2,34,3,6.0,10.1,2,2,2,1,,2.4166666666666665,3.75,3.3333333333333335,4.0,26.6,0.0
R0125,ORG13,2,34,2,3.8,7.3,2,3,3,1,191.0,3.2083333333333335,4.0,4.0,1.5999999999999999,12.9,1.0
R0126,ORG13,2,32,3,12.9,17.7,2,4,1,1,185.0,3.1666666666666665,3.5833333333333335,5.0,2.6,3.2,1.0
R0127,ORG13,1,38,3,4.6,5.1,1,1,1,1,399.0,3.3333333333333335,2.3333333333333335,2.6666666666666665,1.8,6.7,1.0
R0128,ORG13,2,35,3,5.3,7.3,1,1,2,1,279.0,2.375,3.6666666666666665,3.0,1.5999999999999999,30.5,0.0
R0129,ORG13,2,36,4,1.8,4.7,2,1,1,1,338.0,2.2083333333333335,3.1666666666666665,2.3333333333333335,2.0,11.7,0.0
R0130,ORG13,2,30,3,4.3,6.8,0,1,3,1,346.0,3.0,2.75,3.3333333333333335,3.0,18.1,1.0
R0131,ORG13,2,28,2,2.3,3.4,3,3,1,1,125.0,3.2083333333333335,3.5833333333333335,3.6666666666666665,2.4,7.8,1.0
R0132,ORG13,1,39,3,5.8,10.3,0,1,2,2,564.0,2.7916666666666665,3.4166666666666665,3.3333333333333335,4.2,2.0,1.0
R0133,ORG14,2,39,3,5.7,7.1,3,1,1,1,223.0,3.25,3.25,3.0,2.8000000000000003,13.6,0.0
R0134,ORG14,1,39,3,2.6,4.9,2,1,3,2,356.0,3.0833333333333335,3.4166666666666665,2.6666666666666665,2.4,23.2,0.0
R0136,ORG14,1,31,1,2.1,2.8,2,2,1,1,102.0,3.0833333333333335,3.8333333333333335,4.333333333333333,2.0,4.9,1.0
R0138,ORG14,2,38,3,0.7,4.0,0,1,3,1,237.0,3.2916666666666665,2.3333333333333335,3.6666666666666665,2.0,4.3,1.0
R0139,ORG14,1,26,3,1.7,4.6,0,1,3,1,151.0,2.25,2.4166666666666665,3.3333333333333335,2.8000000000000003,7.2,1.0
R0141,ORG14,2,21,3,1.0,3.1,1,1,1,1,,3.0,3.0,3.0,3.0,27.4,0.0
R0142,ORG14,2,32,2,5.0,7.8,2,1,1,1,155.0,2.5833333333333335,2.0833333333333335,4.0,1.5999999999999999,0.2,1.0
R0143,ORG14,2,25,3,4.1,7.2,0,4,1,2,246.0,3.0,2.4545454545454546,2.0,3.6,13.6,0.0
R0144,ORG14,1,23,3,6.1,7.1,0,3,1,1,160.0,3.125,2.6666666666666665,3.0,3.0,13.7,1.0
R0145,ORG14,2,35,3,8.6,9.1,3,2,1,1,221.0,2.625,2.3333333333333335,5.0,3.8000000000000003,5.3,1.0
R0146,ORG15,2,29,1,2.7,3.8,1,1,1,1,417.0,3.2083333333333335,4.416666666666667,2.0,4.6000000000000005,1.4,1.0
R0147,ORG15,1,27,3,2.4,6.6,2,3,1,1,442.0,4.083333333333333,4.25,1.0,4.8,23.5,0.0
R0148,ORG15,1,35,3,3.7,4.7,2,1,1,2,283.0,3.5416666666666665,3.5454545454545454,2.3333333333333335,3.6,27.4,0.0
R0149,ORG15,2,28,3,1.9,3.8,0,2,3,1,163.0,3.2916666666666665,3.0833333333333335,1.0,3.8000000000000003,18.0,0.0
R0150,ORG15,2,40,3,3.2,5.7,1,1,1,1,212.0,3.2083333333333335,4.166666666666667,3.6666666666666665,3.6,1.8,1.0
R0151,ORG15,1,30,3,1.9,4.6,0,3,1,2,193.0,3.3333333333333335,3.6666666666666665,2.3333333333333335,4.2,22.8,0.0
R0152,ORG15,2,33,3,5.0,6.5,3,1,1,2,127.0,2.5,2.25,3.6666666666666665,4.3999999999999995,3.4,1.0
R0153,ORG15,2,32,2,1.4,9.0,2,1,1,1,190.0,3.1666666666666665,2.4166666666666665,2.3333333333333335,3.6,13.9,1.0
R0154,ORG15,2,25,3,2.1,5.0,3,3,1,1,1354.0,3.4166666666666665,2.75,2.0,4.0,18.7,0.0
R0155,ORG15,1,30,2,0.6,1.8,1,1,1,1,328.0,3.391304347826087,3.8333333333333335,2.3333333333333335,3.6,26.4,0.0
R0156,ORG15,1,38,1,0.2,1.5,2,1,3,2,271.0,3.5,3.0,2.0,3.1999999999999997,23.4,1.0
R0157,ORG15,1,35,3,6.9,7.9,2,2,1,2,284.0,3.9583333333333335,3.8333333333333335,3.0,3.8000000000000003,19.0,0.0
R0159,ORG16,1,27,3,6.4,10.4,2,2,2,1,,3.25,3.8333333333333335,3.6666666666666665,4.0,1.7,1.0
R0161,ORG16,2,32,3,7.4,9.0,2,2,3,1,321.0,2.7916666666666665,2.6666666666666665,4.0,2.8000000000000003,10.2,0.0
R0162,ORG16,2,38,3,7.0,11.1,2,3,1,1,202.0,3.0416666666666665,3.5833333333333335,3.3333333333333335,4.3999999999999995,15.2,1.0
R0163,ORG16,1,31,4,2.9,11.8,2,1,2,1,169.0,3.4583333333333335,2.6666666666666665,3.3333333333333335,2.6,0.4,1.0
R0164,ORG16,1,32,4,0.5,5.4,1,3,2,1,291.0,2.4166666666666665,3.1666666666666665,3.3333333333333335,3.4,9.8,0.0
R0165,ORG16,1,29,3,1.7,2.0,0,2,1,1,135.0,3.0,3.0,3.0,3.0,1.5,1.0
R0166,ORG16,2,36,4,3.7,4.3,0,3,1,1,184.0,3.75,3.3333333333333335,3.6666666666666665,3.4,12.7,1.0
R0167,ORG16,2,39,4,2.4,3.3,0,1,3,1,182.0,3.4166666666666665,3.4166666666666665,1.0,5.0,32.5,0.0
R0168,ORG16,2,26,5,10.5,12.9,2,2,2,1,,3.7916666666666665,4.583333333333333,2.0,5.0,25.1,0.0
R0169,ORG16,2,34,3,4.4,6.4,2,1,1,1,283.0,3.25,3.1666666666666665,3.6666666666666665,2.6,8.0,1.0
R0170,ORG16,2,32,3,1.8,7.2,0,4,1,1,298.0,3.7916666666666665,3.5,2.0,4.0,29.3,0.0
R0171,ORG16,2,33,3,3.1,7.3,2,1,1,1,340.0,3.375,2.5833333333333335,4.0,4.6000000000000005,1.7,1.0
R0172,ORG17,1,35,4,2.1,3.8,2,2,1,1,307.0,3.0416666666666665,2.5,2.6666666666666665,1.5999999999999999,16.9,1.0
R0173,ORG17,2,35,3,0.6,1.2,0,1,1,1,342.0,3.625,4.166666666666667,3.0,1.5999999999999999,7.7,1.0
R0175,ORG17,1,32,5,0.2,5.4,1,1,3,1,302.0,3.4347826086956523,3.5833333333333335,2.6666666666666665,2.0,17.1,1.0
R0176,ORG17,2,28,4,0.6,2.7,1,3,2,1,158.0,3.0416666666666665,3.8333333333333335,2.6666666666666665,1.2,24.4,0.0
R0177,ORG17,2,22,3,3.0,6.3,2,1,2,1,535.0,2.9583333333333335,3.3,3.0,1.8,12.5,1.0
R0178,ORG17,2,30,3,2.4,5.7,0,2,1,1,191.0,2.6666666666666665,2.6666666666666665,3.0,3.1999999999999997,21.1,1.0
R0180,ORG18,2,28,3,10.6,14.4,2,2,2,2,347.0,2.625,2.5833333333333335,5.0,2.1999999999999997,2.3,1.0
R0181,ORG18,1,27,3,6.8,7.8,1,1,1,2,169.0,2.8333333333333335,2.6666666666666665,4.333333333333333,4.0,11.5,0.0
R0183,ORG18,1,32,2,3.3,5.0,2,1,2,1,376.0,2.7916666666666665,2.8333333333333335,4.666666666666667,3.0,8.9,1.0
R0184,ORG18,1,34,3,3.6,4.5,0,1,1,1,302.0,2.375,3.3333333333333335,4.0,4.0,11.8,0.0
R0185,ORG18,2,37,3,2.6,4.0,1,1,1,1,341.0,3.0,4.0,4.0,4.0,2.7,1.0
R0186,ORG18,2,31,3,3.5,5.9,2,2,1,2,209.0,3.217391304347826,3.9166666666666665,3.3333333333333335,3.6,13.0,1.0
R0187,ORG18,2,27,3,0.1,6.1,1,1,1,1,,2.5,2.9166666666666665,5.0,3.8000000000000003,7.0,1.0
R0188,ORG18,2,28,3,2.7,4.9,1,1,1,1,227.0,2.9583333333333335,4.083333333333333,3.0,3.1999999999999997,24.4,0.0
R0189,ORG18,1,27,3,0.5,1.9,1,1,1,1,253.0,3.4583333333333335,3.0833333333333335,3.6666666666666665,3.1999999999999997,13.4,0.0
R0190,ORG18,1,31,3,8.4,9.7,1,1,2,1,119.0,2.9166666666666665,3.1666666666666665,4.333333333333333,3.1999999999999997,3.0,1.0
R0191,ORG18,1,30,3,0.2,2.7,1,1,1,1,169.0,2.5,3.8333333333333335,3.3333333333333335,2.8000000000000003,22.3,1.0
R0192,ORG19,1,35,3,3.2,3.2,2,1,1,1,443.0,2.2916666666666665,2.1666666666666665,3.0,2.6,10.5,1.0
R0193,ORG19,2,28,4,2.2,3.2,4,1,1,1,290.0,3.1666666666666665,3.6666666666666665,2.3333333333333335,2.5,3.0,1.0
R0194,ORG19,1,29,3,4.1,7.0,1,1,1,2,167.0,2.75,3.5833333333333335,2.3333333333333335,2.4,21.9,0.0
R0195,ORG19,2,26,3,5.2,7.1,0,1,1,1,176.0,3.1666666666666665,3.75,4.0,1.5999999999999999,0.9,1.0
R0196,ORG19,2,32,4,5.4,5.8,1,3,1,1,416.0,2.4166666666666665,3.4166666666666665,2.3333333333333335,2.6,32.7,1.0
R0197,ORG19,1,31,1,3.1,3.9,0,2,1,2,,3.4583333333333335,3.5,3.6666666666666665,3.0,4.5,1.0
R0198,ORG20,1,38,3,10.7,12.4,3,3,1,1,268.0,2.9565217391304346,3.3333333333333335,3.0,2.4,6.3,1.0
R0199,ORG20,1,29,2,1.0,1.1,3,1,3,1,126.0,3.0,3.0,3.0,3.0,6.8,1.0
R0201,ORG20,1,33,3,5.8,8.1,2,1,1,1,357.0,3.0416666666666665,3.9166666666666665,3.3333333333333335,3.1999999999999997,4.6,1.0
R0202,ORG20,1,26,2,0.5,2.7,0,1,1,1,124.0,3.1666666666666665,2.3333333333333335,3.3333333333333335,1.4000000000000001,1.3,1.0
R0203,ORG20,2,27,3,0.4,4.1,1,1,1,2,195.0,2.25,2.5,4.666666666666667,2.4,0.1,1.0
R0204,ORG20,2,26,3,7.4,8.2,1,1,1,1,396.0,2.0416666666666665,2.6666666666666665,4.0,3.0,0.6,1.0
R0205,ORG20,2,28,3,1.6,6.0,4,1,1,1,403.0,3.5416666666666665,3.5454545454545454,3.6666666666666665,3.4,3.5,1.0
R0206,ORG20,2,29,3,1.0,7.5,1,2,1,1,251.0,3.9583333333333335,3.5833333333333335,2.0,3.1999999999999997,25.1,0.0
R0207,ORG20,1,31,2,4.2,6.6,0,1,1,1,188.0,3.0,4.0,3.6666666666666665,4.0,10.5,0.0
R0208,ORG21,2,32,3,13.0,16.7,2,1,1,1,135.0,3.5416666666666665,3.1818181818181817,1.6666666666666667,3.4,10.6,0.0
R0210,ORG21,1,32,4,4.0,6.3,3,2,3,1,166.0,2.6666666666666665,2.8333333333333335,4.0,2.6,2.8,1.0
R0211,ORG21,2,20,3,2.4,5.4,1,1,1,1,148.0,2.75,3.4166666666666665,1.6666666666666667,4.2,16.8,1.0
R0212,ORG21,1,24,4,2.0,3.8,1,1,2,1,222.0,3.0,3.1666666666666665,2.0,4.0,2.4,1.0
R0213,ORG21,1,30,3,1.2,3.6,1,1,1,1,171.0,3.625,3.5,1.3333333333333333,4.2,2.9,1.0
R0214,ORG21,1,26,5,4.9,5.5,4,1,1,1,1268.0,3.0833333333333335,4.333333333333333,1.3333333333333333,4.2,25.2,0.0
R0215,ORG21,2,37,3,6.2,7.5,1,2,2,1,242.0,2.125,2.8333333333333335,2.0,3.4,14.4,1.0
R0216,ORG21,1,30,3,0.3,3.4,2,2,2,1,249.0,3.0,3.0,3.0,3.0,28.7,0.0
R0217,ORG21,2,31,3,3.7,5.8,0,1,3,1,193.0,2.217391304347826,2.5,4.666666666666667,2.4,6.8,1.0
R0218,ORG22,2,42,3,2.4,5.7,2,2,1,1,425.0,3.375,3.5,1.6666666666666667,3.4,28.5,0.0
R0219,ORG22,1,30,3,5.5,6.7,2,3,2,1,191.0,3.25,3.4166666666666665,3.3333333333333335,4.0,7.7,1.0
R0220,ORG22,2,27,3,1.0,5.2,3,1,1,1,1678.0,3.0,3.0,3.0,3.0,0.5,1.0
R0221,ORG22,1,31,3,5.3,8.3,2,2,1,1,272.0,3.2083333333333335,3.4166666666666665,4.0,4.3999999999999995,1.6,1.0
R0222,ORG22,2,35,3,1.9,11.0,2,2,1,2,260.0,3.2083333333333335,3.75,2.3333333333333335,3.8000000000000003,30.2,0.0
R0224,ORG22,1,33,3,3.6,6.4,2,1,1,1,191.0,3.5416666666666665,2.25,4.0,3.4,6.2,1.0
R0225,ORG22,2,32,2,6.1,10.1,2,1,2,2,144.0,2.5416666666666665,3.0833333333333335,3.6666666666666665,2.4,3.0,1.0
R0226,ORG22,2,24,3,4.1,6.0,1,2,1,1,231.0,3.2083333333333335,3.5833333333333335,3.0,4.2,4.0,1.0
R0227,ORG22,1,31,3,3.5,6.2,2,1,3,1,459.0,2.9166666666666665,3.5833333333333335,3.0,3.4,19.1,0.0
R0228,ORG22,1,33,3,5.2,6.9,2,2,2,1,270.0,2.5217391304347827,3.25,3.6666666666666665,3.6,3.7,1.0
R0229,ORG22,1,37,1,0.4,1.6,1,1,1,1,194.0,3.7916666666666665,4.416666666666667,2.0,4.8,30.7,0.0
R0230,ORG22,1,29,3,1.0,4.4,1,2,1,2,,3.9583333333333335,1.8333333333333333,3.6666666666666665,3.1999999999999997,0.2,1.0
R0231,ORG22,2,32,3,3.5,5.3,2,1,1,2,339.0,3.0833333333333335,3.5833333333333335,3.3333333333333335,3.1999999999999997,19.3,0.0
R0232,ORG22,2,30,2,2.7,4.5,1,3,1,1,351.0,3.0,3.0,3.0,3.0,24.0,1.0
R0233,ORG22,2,32,5,0.4,2.2,2,2,1,1,243.0,2.4166666666666665,4.166666666666667,3.6666666666666665,3.4,9.4,1.0
R0234,ORG22,1,29,3,4.0,4.3,0,1,1,1,256.0,1.8333333333333333,3.0833333333333335,3.3333333333333335,3.6,3.2,1.0
R0236,ORG22,1,28,1,0.2,1.8,2,3,2,1,,2.6666666666666665,2.3333333333333335,4.666666666666667,4.6000000000000005,12.4,1.0
R0237,ORG22,1,28,3,1.7,6.5,1,1,1,1,254.0,3.25,4.75,3.3333333333333335,4.2,0.8,1.0
R0238,ORG23,2,20,4,4.0,6.0,1,1,2,1,263.0,2.9166666666666665,2.6666666666666665,3.0,2.1999999999999997,3.0,1.0
R0239,ORG23,1,26,3,0.5,4.4,1,3,1,1,217.0,3.375,3.1666666666666665,4.333333333333333,3.1999999999999997,2.3,1.0
R0240,ORG23,2,38,1,0.5,1.8,0,1,1,1,439.0,3.0,3.0,3.0,3.0,9.0,1.0
R0241,ORG23,2,35,5,6.0,6.3,1,1,1,2,211.0,3.5833333333333335,3.3333333333333335,3.6666666666666665,3.4,1.3,1.0
R0242,ORG23,2,25,2,2.0,9.0,1,3,1,1,667.0,3.0833333333333335,2.5,4.333333333333333,4.2,1.1,1.0
R0243,ORG23,1,21,2,8.6,8.7,2,3,1,1,172.0,3.125,2.6666666666666665,3.0,2.4,9.9,0.0
R0244,ORG23,2,35,2,0.6,1.8,0,3,3,1,365.0,3.5,4.25,2.0,3.6,12.4,0.0
R0245,ORG23,1,34,2,5.6,8.9,1,2,3,1,247.0,2.625,4.75,3.0,3.8000000000000003,26.3,1.0
R0246,ORG24,1,31,2,1.6,2.9,0,1,2,1,164.0,3.4583333333333335,2.75,3.6666666666666665,2.6,27.2,0.0
R0247,ORG24,2,28,3,0.9,2.6,3,3,2,1,,3.0,3.0,3.0,3.0,10.8,1.0
R0248,ORG24,1,22,3,6.2,12.9,2,2,1,1,155.0,2.4782608695652173,3.9166666666666665,2.6666666666666665,3.8000000000000003,26.0,0.0
R0249,ORG24,1,34,3,1.8,2.7,4,2,1,1,97.0,2.4583333333333335,3.727272727272727,2.3333333333333335,4.2,19.4,1.0
R0250,ORG24,1,33,3,1.9,9.2,2,1,1,1,161.0,2.125,3.25,3.6666666666666665,4.3999999999999995,23.6,0.0
R0251,ORG24,2,36,3,1.8,4.4,1,2,3,1,112.0,3.6666666666666665,4.5,4.0,2.6,11.3,1.0
R0252,ORG24,1,28,3,2.9,5.4,0,2,1,1,472.0,2.875,3.6666666666666665,2.3333333333333335,1.8,1.2,1.0
R0253,ORG24,2,34,3,0.6,2.1,2,1,1,1,190.0,3.375,3.6666666666666665,1.6666666666666667,4.2,13.4,0.0
R0254,ORG25,1,37,2,10.5,11.8,2,3,2,1,,3.4166666666666665,3.3333333333333335,3.0,3.4,6.4,1.0
R0255,ORG25,1,33,3,2.0,4.6,1,4,3,1,217.0,2.6666666666666665,3.8333333333333335,3.3333333333333335,1.5999999999999999,3.2,1.0
R0256,ORG25,1,31,2,2.1,3.0,2,2,2,1,174.0,2.3333333333333335,3.3333333333333335,3.0,2.8000000000000003,10.2,1.0
R0257,ORG25,2,23,3,4.9,9.4,1,3,2,2,228.0,2.8333333333333335,3.4166666666666665,2.6666666666666665,3.1999999999999997,12.9,0.0
R0258,ORG25,1,31,2,4.1,10.4,3,2,1,1,265.0,2.5,4.166666666666667,4.666666666666667,3.6,15.8,1.0
R0259,ORG25,1,22,4,6.1,8.3,4,3,1,1,166.0,2.739130434782609,3.6666666666666665,3.0,3.1999999999999997,0.9,1.0
R0260,ORG25,1,39,2,1.7,2.4,1,1,1,1,265.0,2.7916666666666665,3.1666666666666665,3.3333333333333335,2.1999999999999997,0.9,1.0
R0261,ORG25,1,35,3,2.4,4.4,3,1,1,1,220.0,2.5,3.0833333333333335,3.0,2.0,32.3,0.0
R0262,ORG25,1,31,2,9.5,9.5,2,4,1,1,111.0,3.0833333333333335,1.8333333333333333,3.3333333333333335,1.2,2.5,1.0
R0263,ORG26,2,30,3,8.5,12.7,2,3,1,1,123.0,2.9166666666666665,3.6666666666666665,3.3333333333333335,3.8000000000000003,32.8,0.0
R0264,ORG26,2,29,3,2.5,3.8,0,3,2,1,223.0,2.8333333333333335,4.583333333333333,3.0,3.4,32.3,0.0
R0265,ORG26,1,30,5,0.4,5.3,0,2,1,1,298.0,2.75,2.6666666666666665,3.6666666666666665,2.6,5.9,1.0
R0266,ORG26,2,31,3,0.1,4.0,2,1,1,1,168.0,3.125,3.9166666666666665,2.0,3.1999999999999997,27.8,0.0
R0267,ORG26,1,27,3,0.5,1.8,4,1,2,1,249.0,3.0,2.25,3.0,2.6,10.3,1.0
R0268,ORG26,2,30,3,1.8,3.1,0,2,1,1,215.0,2.9166666666666665,3.25,3.0,4.3999999999999995,15.2,0.0
R0269,ORG26,1,30,2,3.9,6.0,3,2,3,1,215.0,3.0833333333333335,2.4545454545454546,3.3333333333333335,3.0,23.4,0.0
R0270,ORG26,1,29,2,6.8,9.2,1,1,1,1,194.0,3.0416666666666665,4.416666666666667,1.6666666666666667,4.6000000000000005,28.7,0.0
R0272,ORG27,1,34,3,1.7,3.4,1,3,1,1,377.0,3.4166666666666665,3.0,4.0,2.5,12.6,1.0
R0273,ORG27,1,36,1,5.0,5.6,1,1,1,1,191.0,3.1666666666666665,3.25,3.0,2.4,27.4,0.0
R0274,ORG27,2,28,3,10.5,13.1,3,1,1,1,289.0,2.8260869565217392,3.0833333333333335,2.6666666666666665,1.5999999999999999,21.4,0.0
R0275,ORG27,2,38,2,1.6,6.6,4,1,1,1,215.0,3.5,3.5833333333333335,3.3333333333333335,2.6,35.2,0.0
R0276,ORG27,1,24,3,4.3,8.4,1,1,3,1,191.0,3.5416666666666665,2.6666666666666665,3.6666666666666665,3.1999999999999997,13.5,1.0
R0277,ORG27,2,28,3,3.3,5.5,1,1,1,1,341.0,2.9583333333333335,3.5833333333333335,3.3333333333333335,1.8,10.8,0.0
R0278,ORG27,1,39,3,3.4,5.3,3,1,1,1,269.0,1.9583333333333333,3.6666666666666665,3.0,2.6,26.5,1.0
R0279,ORG27,1,31,3,11.1,15.8,1,1,1,1,187.0,2.4166666666666665,2.4166666666666665,4.666666666666667,3.4,3.4,1.0
R0280,ORG27,2,30,3,1.9,3.3,1,1,2,1,338.0,2.375,3.0833333333333335,3.3333333333333335,3.6,10.8,1.0
R0281,ORG27,2,32,3,5.6,12.0,0,1,1,1,155.0,3.0434782608695654,2.8333333333333335,4.333333333333333,2.8000000000000003,4.0,1.0
R0282,ORG27,2,29,3,4.4,6.4,1,3,1,1,208.0,3.2916666666666665,3.9166666666666665,2.6666666666666665,4.3999999999999995,16.5,0.0
R0283,ORG28,1,32,3,4.8,6.7,0,2,2,1,185.0,3.2916666666666665,4.25,3.0,3.8000000000000003,35.7,0.0
R0284,ORG28,2,32,2,0.9,3.4,2,1,1,1,215.0,3.3333333333333335,3.1666666666666665,2.0,4.2,20.2,1.0
R0285,ORG28,1,31,3,3.3,7.1,2,1,1,1,,2.8333333333333335,3.0833333333333335,2.3333333333333335,4.0,20.2,0.0
R0286,ORG28,1,24,2,1.8,10.1,1,3,2,1,248.0,2.7083333333333335,1.9166666666666667,4.666666666666667,3.0,7.5,1.0
R0287,ORG28,1,28,3,2.8,3.6,3,1,1,1,506.0,3.0833333333333335,2.1666666666666665,4.0,4.2,1.0,1.0
R0288,ORG29,2,32,3,2.4,3.3,1,1,1,1,254.0,2.8333333333333335,2.4166666666666665,2.3333333333333335,3.6,17.7,0.0
R0289,ORG29,2,26,3,5.8,5.9,1,1,1,1,363.0,3.5416666666666665,3.1666666666666665,4.333333333333333,2.5,6.9,1.0
R0290,ORG29,1,26,3,0.5,5.6,2,3,3,1,376.0,2.7083333333333335,3.1666666666666665,2.0,2.8000000000000003,6.6,1.0
R0291,ORG29,1,27,3,0.4,1.9,1,2,1,1,352.0,3.0,3.0,3.0,3.0,13.4,1.0
R0292,ORG29,1,30,2,1.2,3.4,0,1,1,1,489.0,3.25,3.0,4.0,2.0,1.3,1.0
R0293,ORG29,2,33,3,1.3,2.2,2,2,1,1,345.0,2.4583333333333335,2.5,1.3333333333333333,3.1999999999999997,30.4,1.0
R0294,ORG29,1,32,4,2.0,8.4,2,5,1,2,129.0,2.7916666666666665,2.9166666666666665,3.3333333333333335,2.0,10.5,0.0
R0295,ORG29,1,35,3,5.6,10.1,0,1,1,1,210.0,3.25,2.8333333333333335,3.6666666666666665,2.0,12.3,1.0
R0296,ORG29,2,32,4,5.5,6.8,2,1,2,1,219.0,2.625,2.5,2.0,1.0,8.9,1.0
R0297,ORG29,2,27,3,6.3,11.5,0,1,1,1,392.0,3.3333333333333335,3.4166666666666665,3.0,2.8000000000000003,33.9,0.0
R0298,ORG29,2,34,3,7.3,9.5,1,1,1,1,288.0,2.75,2.8333333333333335,4.333333333333333,2.6,9.4,1.0
R0299,ORG29,2,36,3,2.1,2.6,3,2,1,1,170.0,2.7916666666666665,2.3333333333333335,3.3333333333333335,2.4,12.4,1.0
R0300,ORG30,1,29,3,1.7,3.7,2,1,3,1,161.0,3.2083333333333335,3.4166666666666665,4.666666666666667,2.1999999999999997,7.9,1.0
R0301,ORG30,2,39,2,2.5,5.3,1,3,1,1,229.0,2.5,3.1818181818181817,3.3333333333333335,2.4,4.3,1.0
R0302,ORG30,1,36,3,3.7,7.6,2,1,2,1,291.0,2.0833333333333335,1.6666666666666667,5.0,2.8000000000000003,4.8,1.0
R0303,ORG30,1,33,3,2.3,2.5,3,3,1,1,202.0,2.8333333333333335,3.4166666666666665,3.3333333333333335,1.8,9.6,0.0
R0304,ORG30,2,31,3,4.7,6.6,0,2,2,1,183.0,2.8333333333333335,3.5,4.0,3.1999999999999997,3.4,1.0
R0305,ORG30,2,32,3,1.5,3.5,2,3,1,1,203.0,2.125,2.0833333333333335,4.0,1.5999999999999999,17.1,1.0
R0306,ORG30,2,33,3,4.9,8.7,1,1,2,1,225.0,2.0434782608695654,2.3333333333333335,4.0,2.1999999999999997,2.3,1.0
R0307,ORG30,2,35,1,5.9,13.5,2,3,1,2,234.0,3.125,3.25,3.6666666666666665,3.0,8.2,1.0
R0308,ORG30,2,32,1,8.7,9.7,0,1,2,1,118.0,3.4583333333333335,3.4166666666666665,4.5,3.1999999999999997,7.3,1.0
R0309,ORG31,2,27,2,1.0,5.1,0,1,1,1,217.0,2.6666666666666665,3.0,2.6666666666666665,2.75,9.7,1.0
R0310,ORG31,1,30,3,9.5,12.4,1,1,1,1,229.0,3.3333333333333335,3.6666666666666665,3.6666666666666665,4.2,32.2,0.0
R0311,ORG31,2,28,3,0.3,3.2,2,1,1,1,378.0,3.875,4.75,1.6666666666666667,3.8000000000000003,19.6,0.0
R0312,ORG31,2,20,2,1.4,1.8,1,1,1,1,344.0,3.7083333333333335,3.3333333333333335,3.0,4.0,33.2,0.0
R0313,ORG31,2,34,4,3.4,4.6,2,5,1,1,325.0,2.782608695652174,3.9166666666666665,3.3333333333333335,3.0,1.4,1.0
R0314,ORG31,1,29,3,1.5,1.6,4,1,3,1,,2.0,2.1818181818181817,4.333333333333333,3.8000000000000003,5.8,1.0
R0315,ORG31,2,30,3,1.4,2.5,3,3,1,1,489.0,3.2083333333333335,3.0,2.6666666666666665,4.2,5.3,1.0
R0316,ORG31,1,30,2,1.5,2.3,0,1,1,1,233.0,3.0416666666666665,2.4166666666666665,4.0,4.0,1.7,1.0
R0317,ORG31,2,27,2,3.0,5.4,3,2,1,1,264.0,3.5,3.5,2.6666666666666665,2.6,27.2,0.0
R0318,ORG31,1,29,5,3.8,6.6,0,1,1,1,371.0,3.25,3.0,1.0,3.4,19.4,1.0
R0319,ORG32,1,37,2,0.4,3.2,4,1,1,2,236.0,2.4166666666666665,3.25,3.6666666666666665,3.0,18.7,1.0
R0320,ORG32,2,36,3,9.8,11.1,2,1,3,1,250.0,3.0869565217391304,3.4166666666666665,3.3333333333333335,3.1999999999999997,1.7,1.0
R0321,ORG32,2,22,4,1.1,4.4,1,1,1,2,238.0,3.2916666666666665,2.8333333333333335,3.0,1.8,5.0,1.0
R0322,ORG32,1,34,4,0.6,1.7,1,1,2,1,196.0,3.8333333333333335,3.0,3.6666666666666665,4.3999999999999995,9.3,1.0
R0323,ORG32,2,25,3,7.9,10.3,2,1,1,1,128.0,2.5,2.8333333333333335,4.0,3.8000000000000003,10.9,1.0
R0324,ORG32,1,30,3,2.0,3.5,3,1,1,2,256.0,3.125,3.9166666666666665,2.6666666666666665,2.0,4.0,1.0
R0325,ORG32,1,36,3,2.8,13.3,3,1,2,1,1435.0,3.125,2.9166666666666665,3.6666666666666665,3.0,3.5,1.0
R0326,ORG32,1,27,3,0.4,4.3,3,1,1,1,233.0,2.9583333333333335,4.0,4.0,4.0,16.7,0.0
R0327,ORG32,2,23,3,0.2,1.3,2,1,1,1,240.0,3.3333333333333335,2.75,2.6666666666666665,1.8,28.5,0.0
R0329,ORG32,1,22,3,0.5,2.4,1,2,2,1,239.0,2.875,3.1666666666666665,3.3333333333333335,3.0,4.9,1.0
R0330,ORG32,1,32,3,3.9,6.7,2,1,1,1,422.0,2.6666666666666665,3.4166666666666665,4.0,3.75,6.3,1.0
R0331,ORG33,2,38,3,2.3,3.5,0,1,3,1,124.0,3.4583333333333335,4.333333333333333,3.3333333333333335,4.3999999999999995,28.0,0.0
R0332,ORG33,1,36,3,5.2,8.3,5,1,1,1,152.0,3.0,3.0,3.0,3.0,0.8,1.0
R0333,ORG33,2,23,3,2.6,5.5,1,2,1,1,181.0,3.6666666666666665,4.0,2.6666666666666665,3.0,26.3,0.0
R0334,ORG33,2,30,3,2.1,2.4,1,1,1,1,,3.125,3.5,1.3333333333333333,2.6,27.1,1.0
R0335,ORG33,2,30,1,8.3,13.7,5,3,1,1,218.0,3.0,3.0,3.0,3.0,4.3,1.0
R0336,ORG33,2,31,2,4.4,7.9,1,1,1,1,826.0,4.416666666666667,3.5,2.3333333333333335,4.2,13.8,1.0
R0337,ORG33,2,32,1,2.4,3.3,0,1,1,2,272.0,3.0,3.0,3.0,3.0,1.6,1.0
R0338,ORG33,1,34,3,3.3,5.2,3,1,3,1,238.0,2.625,3.9166666666666665,3.6666666666666665,3.0,6.9,1.0
R0339,ORG33,1,29,2,0.1,2.9,2,2,1,1,371.0,2.8333333333333335,4.416666666666667,2.6666666666666665,4.25,17.1,0.0
R0340,ORG33,2,42,3,5.7,11.5,0,1,2,1,174.0,2.6666666666666665,2.6666666666666665,4.333333333333333,3.4,0.6,1.0
R0341,ORG33,2,26,3,0.5,1.3,2,2,2,1,338.0,3.2083333333333335,3.0833333333333335,3.6666666666666665,5.0,31.8,0.0
R0342,ORG33,1,30,3,7.4,11.6,0,1,3,1,187.0,3.25,2.3333333333333335,4.666666666666667,2.1999999999999997,9.1,1.0
R0343,ORG33,2,34,5,9.0,9.9,1,2,1,1,252.0,2.0,3.0,5.0,2.0,0.7,1.0
R0344,ORG34,2,28,2,6.5,12.4,0,3,1,1,367.0,2.375,3.9166666666666665,3.6666666666666665,2.6,12.3,1.0
R0345,ORG34,1,28,3,3.5,5.8,1,3,1,1,163.0,2.75,3.0,2.6666666666666665,3.0,6.8,1.0
R0347,ORG34,2,25,3,3.1,4.7,1,2,1,1,333.0,2.869565217391304,3.3333333333333335,1.0,2.6,21.9,0.0
R0348,ORG34,2,26,3,5.1,5.2,2,1,3,1,186.0,3.25,4.083333333333333,2.0,2.4,11.6,0.0
R0349,ORG34,2,27,2,1.2,3.9,1,1,1,1,,2.5416666666666665,1.9166666666666667,4.333333333333333,3.4,4.4,1.0
R0350,ORG35,1,41,2,5.1,11.4,3,3,1,1,726.0,2.7083333333333335,3.8333333333333335,2.6666666666666665,3.1999999999999997,12.4,0.0
R0351,ORG35,2,32,3,1.9,10.6,3,1,1,1,244.0,3.0833333333333335,3.0,2.6666666666666665,4.0,21.3,0.0
R0352,ORG35,2,34,3,0.5,2.3,2,3,1,1,307.0,2.5833333333333335,3.25,3.6666666666666665,3.4,22.5,0.0
R0353,ORG35,2,29,3,0.1,5.5,0,2,2,1,118.0,2.0416666666666665,3.25,2.3333333333333335,4.0,16.0,1.0
R0354,ORG35,1,25,3,5.6,8.2,1,1,1,1,234.0,2.2916666666666665,3.3333333333333335,3.6666666666666665,3.4,35.8,0.0
R0356,ORG35,2,31,3,12.6,13.9,1,1,1,1,149.0,2.25,2.0833333333333335,4.0,3.0,3.1,1.0
R0357,ORG35,2,28,3,1.8,3.8,1,1,1,1,279.0,2.8333333333333335,2.25,4.0,2.6,0.3,1.0
R0358,ORG35,2,36,1,1.8,3.4,3,1,1,1,227.0,2.8333333333333335,2.8333333333333335,1.3333333333333333,2.8000000000000003,12.8,0.0
R0359,ORG36,2,28,3,0.6,3.9,2,4,2,1,244.0,3.0,3.0,3.0,3.0,1.0,1.0
R0361,ORG36,2,32,3,1.4,2.5,0,1,1,1,400.0,3.3333333333333335,3.9166666666666665,2.6666666666666665,3.0,15.6,0.0
R0362,ORG36,2,42,2,3.9,7.7,1,3,1,1,442.0,4.041666666666667,4.666666666666667,2.0,4.6000000000000005,12.2,0.0
R0363,ORG36,1,34,3,3.1,4.7,0,1,1,1,279.0,3.0,3.5833333333333335,2.6666666666666665,4.0,13.6,0.0
R0365,ORG36,1,32,2,5.9,7.9,1,1,1,1,266.0,2.9130434782608696,3.6666666666666665,3.3333333333333335,2.1999999999999997,24.7,1.0
R0366,ORG36,2,36,1,5.5,7.2,1,2,3,1,261.0,2.875,3.3333333333333335,5.0,2.1999999999999997,3.1,1.0
R0367,ORG36,1,36,2,1.3,4.7,0,2,3,1,242.0,2.875,3.3333333333333335,3.0,4.2,13.8,1.0
R0368,ORG36,2,36,3,5.5,7.7,1,1,3,1,,3.2083333333333335,3.75,2.6666666666666665,4.2,15.1,1.0
R0369,ORG36,2,27,3,4.5,8.6,2,1,1,1,158.0,3.0,3.0,3.0,3.0,32.4,0.0
R0370,ORG36,1,40,3,1.5,4.8,2,1,3,2,325.0,3.5833333333333335,4.25,2.6666666666666665,2.0,20.8,0.0
R0371,ORG36,2,28,2,0.5,2.7,3,1,1,1,281.0,3.6666666666666665,3.5,3.3333333333333335,2.6,18.8,1.0
R0372,ORG37,2,30,3,1.7,5.1,4,2,1,1,269.0,3.25,3.0,3.3333333333333335,3.6,15.0,1.0
R0373,ORG37,1,27,3,2.4,3.9,4,2,1,1,168.0,3.5833333333333335,3.0,3.6666666666666665,3.0,1.1,1.0
R0374,ORG37,2,32,3,3.1,3.6,2,1,1,1,294.0,2.75,3.8333333333333335,2.3333333333333335,4.3999999999999995,17.3,0.0
R0375,ORG37,2,40,3,2.6,5.9,1,2,1,1,228.0,2.7083333333333335,2.3333333333333335,4.0,4.2,12.2,0.0
R0376,ORG37,1,31,3,10.1,11.5,1,2,3,1,422.0,2.625,3.25,2.3333333333333335,3.4,32.8,0.0
R0378,ORG37,2,34,4,2.1,3.9,1,1,1,2,336.0,3.375,4.166666666666667,3.6666666666666665,3.8000000000000003,11.2,1.0
R0380,ORG37,2,27,3,2.3,4.1,6,1,2,1,256.0,2.9166666666666665,2.6666666666666665,3.0,3.8000000000000003,1.3,1.0
R0381,ORG37,1,28,2,1.8,6.3,0,1,3,1,242.0,2.739130434782609,3.3333333333333335,3.6666666666666665,3.8000000000000003,10.6,0.0
R0382,ORG38,1,32,3,1.0,2.0,1,1,3,1,140.0,2.8333333333333335,3.4166666666666665,2.3333333333333335,3.4,14.7,1.0
R0383,ORG38,1,35,4,6.6,10.2,0,2,1,1,141.0,2.5,3.5833333333333335,4.0,3.8000000000000003,17.6,1.0
R0384,ORG38,2,27,3,1.6,1.9,0,1,2,1,435.0,3.1666666666666665,3.25,3.0,3.6,17.8,1.0
R0385,ORG38,2,28,2,1.0,4.3,2,2,1,1,145.0,3.2083333333333335,3.9166666666666665,2.0,2.1999999999999997,13.3,0.0
R0387,ORG38,2,27,3,4.6,6.6,3,1,1,2,503.0,3.6666666666666665,4.083333333333333,4.666666666666667,3.5,24.2,0.0
R0388,ORG38,2,34,2,0.5,4.7,0,1,1,1,375.0,1.875,2.9166666666666665,3.6666666666666665,3.0,5.9,1.0
R0389,ORG38,2,28,3,1.1,7.2,0,2,3,1,231.0,3.75,2.9166666666666665,3.3333333333333335,3.6,16.4,0.0
R0390,ORG38,1,29,2,7.6,9.7,3,2,1,1,,3.2916666666666665,3.6666666666666665,3.6666666666666665,3.0,24.2,0.0
R0392,ORG38,1,37,3,2.7,4.1,2,2,1,1,,3.0833333333333335,2.25,2.6666666666666665,3.1999999999999997,11.9,1.0
R0393,ORG39,2,30,3,6.8,8.0,2,1,1,1,354.0,2.5833333333333335,2.5,3.0,3.1999999999999997,4.7,1.0
R0394,ORG39,2,32,3,8.6,11.5,2,2,1,1,150.0,3.0,3.9166666666666665,3.3333333333333335,4.2,29.7,0.0
R0395,ORG39,1,30,1,2.3,6.0,1,1,3,2,108.0,2.9130434782608696,3.5833333333333335,2.3333333333333335,3.8000000000000003,4.4,1.0
R0397,ORG39,1,35,3,6.2,6.9,2,3,1,1,275.0,3.0416666666666665,3.0833333333333335,4.333333333333333,3.4,13.5,0.0
R0398,ORG39,1,29,1,2.5,5.6,1,1,1,1,193.0,3.0,3.0,3.0,3.0,5.8,1.0
R0399,ORG39,1,34,3,4.4,6.8,2,1,1,1,580.0,2.5833333333333335,2.9166666666666665,3.6666666666666665,3.6,14.6,1.0
R0400,ORG39,2,24,4,4.5,6.0,2,2,1,1,211.0,3.1666666666666665,3.5833333333333335,3.3333333333333335,3.8000000000000003,9.5,0.0
R0401,ORG39,1,29,3,3.6,8.0,2,3,1,1,263.0,3.0,3.25,2.6666666666666665,3.8000000000000003,1.0,1.0
R0402,ORG39,2,28,3,7.1,8.2,1,1,1,2,192.0,2.75,4.166666666666667,2.6666666666666665,3.4,17.5,0.0
R0403,ORG39,2,29,4,2.7,5.9,2,4,3,1,261.0,3.0869565217391304,3.6666666666666665,2.0,4.2,2.5,1.0
R0404,ORG39,2,34,3,1.9,3.0,1,1,1,1,181.0,3.125,2.8333333333333335,2.6666666666666665,3.6,17.5,1.0
R0405,ORG40,2,29,3,0.8,3.5,1,1,3,1,154.0,2.4166666666666665,3.0,5.0,4.3999999999999995,2.6,1.0
R0407,ORG40,2,27,3,1.0,3.3,0,2,1,2,306.0,3.7083333333333335,4.25,1.3333333333333333,4.2,25.3,0.0
R0408,ORG40,1,27,4,0.5,4.4,3,1,1,1,216.0,3.0,3.0,3.0,3.0,4.6,1.0
R0409,ORG40,2,27,2,1.8,2.9,0,1,1,1,371.0,3.5416666666666665,2.8333333333333335,3.6666666666666665,4.6000000000000005,20.8,0.0
R0410,ORG40,2,28,3,3.0,8.0,3,1,1,1,197.0,2.9583333333333335,3.25,2.3333333333333335,4.0,17.5,0.0
R0411,ORG40,1,23,3,1.5,8.9,0,3,1,1,573.0,2.875,3.3333333333333335,2.3333333333333335,3.4,14.6,0.0
R0412,ORG40,1,44,4,1.3,3.9,3,1,3,1,246.0,2.9583333333333335,1.9166666666666667,5.0,4.2,0.3,1.0
R0413,ORG40,2,36,5,0.2,6.9,2,3,3,1,411.0,2.869565217391304,3.5,1.0,4.8,35.3,0.0
R0414,ORG40,2,23,3,1.2,2.4,0,3,3,2,174.0,2.7083333333333335,2.6666666666666665,2.6666666666666665,3.75,23.9,1.0
R0415,ORG41,1,25,3,1.9,3.1,0,1,1,1,160.0,2.5652173913043477,3.0833333333333335,4.333333333333333,2.6,11.2,1.0
R0416,ORG41,1,32,2,2.6,3.6,3,2,1,1,207.0,3.1666666666666665,3.0833333333333335,3.0,2.8000000000000003,16.0,0.0
R0417,ORG41,1,28,1,11.3,12.1,2,1,1,1,204.0,3.125,4.5,1.6666666666666667,4.6000000000000005,25.0,0.0
R0419,ORG41,2,23,1,0.7,3.5,2,1,1,1,243.0,3.4166666666666665,3.25,3.0,4.0,0.7,1.0
R0420,ORG41,1,27,3,0.4,1.1,0,1,2,1,,2.5,3.5833333333333335,4.333333333333333,2.0,9.8,0.0
R0421,ORG41,1,33,3,6.7,7.7,0,1,1,1,132.0,2.375,2.5833333333333335,3.3333333333333335,2.4,5.4,1.0
R0422,ORG41,2,35,3,8.3,10.1,2,2,1,1,263.0,2.6666666666666665,2.9166666666666665,4.666666666666667,4.3999999999999995,20.8,1.0
R0423,ORG41,2,34,1,2.1,4.4,3,1,1,2,245.0,2.5416666666666665,3.3333333333333335,4.333333333333333,3.8000000000000003,12.8,1.0
R0425,ORG41,2,43,3,5.9,10.7,2,3,2,1,273.0,2.9166666666666665,3.5,3.6666666666666665,3.8000000000000003,0.3,1.0
R0426,ORG41,1,29,4,4.5,7.0,0,2,2,1,219.0,3.9583333333333335,3.3333333333333335,3.0,4.3999999999999995,20.8,1.0
R0427,ORG42,2,29,3,1.2,2.7,2,3,3,1,468.0,2.3043478260869565,2.0833333333333335,3.3333333333333335,2.6,1.5,1.0
R0428,ORG42,2,32,3,3.2,8.1,5,1,2,1,249.0,3.1739130434782608,2.5,3.5,2.1999999999999997,3.4,1.0
R0430,ORG42,2,31,3,3.2,4.2,0,1,1,1,157.0,2.1666666666666665,3.3333333333333335,5.0,3.4,14.9,1.0
R0431,ORG42,1,22,3,7.0,10.0,2,1,2,1,252.0,3.0416666666666665,3.25,3.0,4.0,13.2,1.0
R0432,ORG42,1,30,3,3.0,6.2,1,1,2,1,170.0,3.0416666666666665,3.0833333333333335,2.6666666666666665,3.0,18.0,0.0
R0433,ORG42,1,35,2,6.8,11.5,2,1,1,1,232.0,2.625,3.3333333333333335,2.6666666666666665,2.8000000000000003,14.1,1.0
R0434,ORG42,2,27,1,3.7,7.2,0,1,1,1,295.0,3.0416666666666665,3.25,2.6666666666666665,3.8000000000000003,9.4,1.0
R0435,ORG42,2,30,2,1.8,5.0,0,1,1,1,499.0,3.5416666666666665,1.75,1.6666666666666667,2.4,19.1,0.0
R0436,ORG42,1,41,3,3.6,4.4,2,2,1,1,423.0,3.4583333333333335,3.6666666666666665,3.0,2.6,3.4,1.0
R0437,ORG42,2,29,2,0.0,4.1,1,2,3,1,697.0,3.5416666666666665,3.1666666666666665,1.6666666666666667,3.4,20.0,0.0
R0439,ORG43,2,29,3,3.3,4.6,1,2,1,1,350.0,4.0,4.083333333333333,4.0,3.1999999999999997,1.6,1.0
R0440,ORG43,2,26,3,3.6,5.4,1,1,3,1,268.0,3.0416666666666665,2.25,4.0,2.6,1.1,1.0
R0441,ORG43,1,22,4,1.4,1.7,0,1,1,1,393.0,3.25,4.083333333333333,3.3333333333333335,4.2,34.4,0.0
R0442,ORG43,2,30,3,1.4,5.0,0,2,1,1,393.0,2.625,3.75,5.0,4.0,2.1,1.0
R0443,ORG43,2,25,3,1.2,3.2,1,2,1,1,180.0,3.375,4.083333333333333,4.333333333333333,4.6000000000000005,3.1,1.0
R0445,ORG44,2,22,4,0.4,7.7,2,1,1,1,,3.6666666666666665,3.9166666666666665,3.0,4.6000000000000005,3.9,1.0
R0446,ORG44,2,31,5,2.2,2.8,0,1,1,2,244.0,3.0,2.4166666666666665,4.333333333333333,2.1999999999999997,34.7,0.0
R0447,ORG44,2,32,3,2.4,3.9,2,2,1,1,145.0,2.875,2.25,3.6666666666666665,2.8000000000000003,1.0,1.0
R0448,ORG44,1,24,3,3.2,4.4,3,2,1,1,531.0,2.9583333333333335,3.8333333333333335,2.6666666666666665,2.6,14.5,1.0
R0449,ORG44,1,37,4,4.4,8.7,1,1,1,1,581.0,2.4583333333333335,2.5833333333333335,3.6666666666666665,3.1999999999999997,6.0,1.0
R0450,ORG44,1,31,1,0.7,3.1,2,2,3,1,177.0,3.5,3.5833333333333335,3.0,2.1999999999999997,17.3,0.0
R0451,ORG44,2,24,5,3.9,6.1,0,3,1,1,142.0,3.0416666666666665,3.8333333333333335,2.6666666666666665,2.6,3.7,1.0
R0452,ORG44,1,41,2,5.0,11.5,2,2,1,1,251.0,2.875,4.416666666666667,3.0,2.4,33.9,0.0
R0453,ORG45,1,35,3,3.5,12.6,2,1,3,2,134.0,3.2916666666666665,2.8333333333333335,3.6666666666666665,2.6,2.0,1.0
R0454,ORG45,1,36,3,7.7,9.4,0,2,2,1,421.0,3.75,3.4545454545454546,4.0,4.2,15.5,0.0
R0455,ORG45,2,36,3,2.3,5.6,1,2,1,1,449.0,3.4583333333333335,4.25,2.0,3.8000000000000003,17.5,0.0
R0456,ORG45,2,32,2,0.7,4.4,1,2,2,1,272.0,2.7083333333333335,4.0,3.6666666666666665,2.6,28.0,0.0
R0457,ORG45,1,33,3,2.2,3.2,3,3,1,1,169.0,3.125,3.6666666666666665,2.3333333333333335,2.6,25.7,0.0
R0458,ORG45,2,36,2,5.7,7.1,0,4,1,1,353.0,2.7916666666666665,2.75,3.0,2.0,0.2,1.0
R0459,ORG45,1,29,3,0.8,1.3,0,3,1,1,184.0,3.130434782608696,4.25,3.6666666666666665,3.0,20.8,0.0
R0460,ORG45,1,28,2,0.2,2.2,1,3,1,2,312.0,2.625,3.0,5.0,4.2,0.4,1.0
R0462,ORG46,1,39,3,1.8,2.9,1,1,1,1,584.0,3.0,4.0,4.0,4.0,5.1,1.0
R0463,ORG46,1,30,3,2.2,5.7,1,3,3,1,161.0,3.3333333333333335,2.272727272727273,3.0,1.8,5.9,1.0
R0464,ORG46,1,32,4,3.8,4.6,1,3,1,1,210.0,3.25,3.4166666666666665,2.6666666666666665,4.0,29.1,0.0
R0465,ORG46,2,33,2,3.9,6.4,0,2,1,1,226.0,2.75,2.3333333333333335,4.333333333333333,2.6,14.9,1.0
R0466,ORG46,1,31,3,7.9,8.5,2,2,3,2,268.0,3.25,2.5833333333333335,3.0,1.4000000000000001,26.9,0.0
R0467,ORG46,1,30,4,1.1,6.8,0,1,1,1,170.0,3.4583333333333335,3.4166666666666665,3.6666666666666665,2.8000000000000003,0.8,1.0
R0468,ORG46,1,38,3,8.7,13.8,1,2,3,1,150.0,2.625,3.25,4.333333333333333,3.6,4.1,1.0
