rid,org_id,sex,age,tenure_yr,LS_TOT,org_size,W1_SC_p1,W1_SC_p2,W1_SC_p3,W1_WE_p1,W1_WE_p2,W1_WE_p3,W1_TI_p1,W1_TI_p2,W1_TI_p3,W2_SC_p1,W2_SC_p2,W2_SC_p3,W2_WE_p1,W2_WE_p2,W2_WE_p3,W2_TI_p1,W2_TI_p2,W2_TI_p3,W3_SC_p1,W3_SC_p2,W3_SC_p3,W3_WE_p1,W3_WE_p2,W3_WE_p3,W3_TI_p1,W3_TI_p2,W3_TI_p3
R0001,ORG01,2,31,1.9,2.0,1256,3.0,3.0,3.0,2.0,3.0,3.0,3.0,3.0,3.0,,,,,,,,,,,,,,,,,,
R0002,ORG01,1,32,0.8,4.0,1256,4.0,5.0,5.0,4.0,5.0,4.0,2.0,1.0,2.0,4.0,4.0,5.0,4.0,3.0,4.0,3.0,2.0,3.0,4.0,5.0,5.0,3.0,4.0,4.0,1.0,2.0,1.0
R0003,ORG01,2,35,4.2,3.4,1256,5.0,4.0,3.0,4.0,4.0,3.0,4.0,3.0,2.0,3.0,3.0,4.0,4.0,5.0,4.0,2.0,3.0,2.0,,,,,,,,,
R0004,ORG01,1,34,4.7,2.6,1256,4.0,3.0,3.0,2.0,1.0,3.0,2.0,3.0,2.0,4.0,3.0,3.0,3.0,2.0,2.0,3.0,3.0,4.0,2.0,2.0,2.0,3.0,2.0,4.0,4.0,2.0,3.0
R0005,ORG01,2,28,4.2,2.4,1256,3.0,3.0,4.0,5.0,5.0,3.0,4.0,3.0,3.0,3.0,4.0,4.0,3.0,3.0,4.0,3.0,2.0,3.0,5.0,3.0,4.0,3.0,4.0,4.0,4.0,3.0,2.0
R0006,ORG01,1,38,4.9,3.8000000000000003,1256,4.0,4.0,2.0,4.0,3.0,3.0,2.0,3.0,3.0,3.0,4.0,4.0,4.0,3.0,3.0,2.0,3.0,3.0,4.0,4.0,3.0,3.0,4.0,4.0,3.0,3.0,4.0
R0007,ORG01,1,35,0.7,3.8000000000000003,1256,4.0,4.0,4.0,4.0,4.0,4.0,3.0,4.0,3.0,4.0,5.0,5.0,3.0,2.0,4.0,4.0,3.0,3.0,4.0,4.0,4.0,3.0,3.0,3.0,3.0,2.0,1.0
R0008,ORG01,2,34,4.4,2.6,1256,4.0,4.0,5.0,4.0,4.0,4.0,2.0,3.0,3.0,4.0,5.0,4.0,3.0,3.0,4.0,3.0,4.0,3.0,3.0,2.0,4.0,4.0,3.0,5.0,3.0,3.0,3.0
R0009,ORG02,2,27,3.4,3.0,378,1.0,2.0,2.0,1.0,1.0,2.0,4.0,5.0,4.0,,,,,,,,,,,,,,,,,,
R0010,ORG02,1,33,4.3,3.8000000000000003,378,3.0,4.0,3.0,4.0,4.0,4.0,1.0,2.0,1.0,,,,,,,,,,,,,,,,,,
R0011,ORG02,1,23,5.0,2.4,378,3.0,3.0,3.0,3.0,4.0,3.0,3.0,4.0,4.0,,,,,,,,,,,,,,,,,,
R0012,ORG02,2,34,5.8,3.0,378,3.0,3.0,3.0,4.0,3.0,4.0,3.0,3.0,5.0,,,,,,,,,,,,,,,,,,
R0013,ORG02,2,32,8.0,4.2,378,2.0,3.0,3.0,3.0,4.0,3.0,4.0,2.0,5.0,2.0,2.0,3.0,4.0,5.0,3.0,3.0,3.0,2.0,2.0,2.0,2.0,2.0,3.0,1.0,2.0,3.0,4.0
R0014,ORG02,2,31,4.8,4.6000000000000005,378,3.0,3.0,4.0,4.0,3.0,4.0,1.0,2.0,1.0,3.0,5.0,5.0,3.0,2.0,4.0,2.0,4.0,3.0,2.0,3.0,3.0,3.0,3.0,4.0,3.0,3.0,3.0
R0015,ORG02,1,36,3.9,4.6000000000000005,378,3.0,3.0,3.0,3.0,4.0,4.0,3.0,3.0,4.0,3.0,2.0,3.0,4.0,5.0,4.0,4.0,3.0,4.0,4.0,3.0,2.0,4.0,4.0,4.0,3.0,2.0,3.0
R0016,ORG02,1,39,5.9,2.6,378,3.0,4.0,3.0,3.0,3.0,3.0,3.0,4.0,3.0,3.0,2.0,2.0,2.0,4.0,4.0,2.0,2.0,2.0,1.0,3.0,2.0,2.0,2.0,3.0,4.0,4.0,3.0
R0017,ORG02,1,27,5.2,4.6000000000000005,378,3.0,3.0,3.0,3.0,2.0,3.0,4.0,3.0,4.0,3.0,2.0,4.0,4.0,3.0,3.0,3.0,5.0,4.0,4.0,4.0,5.0,4.0,5.0,4.0,4.0,3.0,4.0
R0018,ORG03,1,30,1.6,2.4,2689,5.0,4.0,4.0,5.0,4.0,3.0,3.0,3.0,3.0,4.0,4.0,4.0,5.0,3.0,4.0,3.0,3.0,5.0,3.0,4.0,4.0,3.0,3.0,3.0,3.0,4.0,3.0
R0019,ORG03,2,30,5.6,2.6,2689,3.0,3.0,2.0,3.0,2.0,3.0,4.0,4.0,2.0,3.0,3.0,3.0,3.0,3.0,3.0,3.0,5.0,3.0,3.0,3.0,2.0,2.0,3.0,3.0,3.0,3.0,3.0
R0020,ORG03,1,24,4.3,2.8000000000000003,2689,3.0,4.0,4.0,3.0,3.0,3.0,3.0,3.0,3.0,4.0,3.0,3.0,3.0,3.0,3.0,2.0,4.0,4.0,4.0,4.0,4.0,4.0,5.0,4.0,3.0,3.0,2.0
R0021,ORG03,2,26,1.5,3.0,2689,3.0,4.0,3.0,4.0,5.0,4.0,3.0,4.0,2.0,3.0,4.0,3.0,5.0,5.0,4.0,2.0,4.0,2.0,3.0,5.0,5.0,4.0,4.0,4.0,3.0,1.0,2.0
R0022,ORG03,2,39,3.4,3.6,2689,5.0,5.0,5.0,3.0,4.0,4.0,2.0,2.0,2.0,,,,,,,,,,,,,,,,,,
R0023,ORG03,1,38,1.0,2.5,2689,4.0,4.0,3.0,2.0,3.0,4.0,4.0,3.0,3.0,,,,,,,,,,,,,,,,,,
R0024,ORG03,1,29,3.8,3.4,2689,3.0,4.0,4.0,4.0,3.0,3.0,4.0,3.0,3.0,4.0,4.0,3.0,4.0,4.0,4.0,2.0,3.0,3.0,4.0,4.0,3.0,3.0,3.0,4.0,2.0,4.0,4.0
R0025,ORG03,1,36,4.0,3.6,2689,3.0,2.0,3.0,3.0,4.0,3.0,5.0,4.0,5.0,2.0,3.0,2.0,3.0,3.0,3.0,4.0,3.0,3.0,2.0,4.0,3.0,2.0,2.0,3.0,4.0,3.0,4.0
R0026,ORG03,1,36,2.5,2.4,2689,2.0,3.0,3.0,1.0,3.0,3.0,5.0,5.0,5.0,1.0,2.0,1.0,2.0,3.0,3.0,4.0,4.0,4.0,3.0,2.0,2.0,3.0,2.0,3.0,4.0,3.0,4.0
R0027,ORG03,1,37,0.9,4.3999999999999995,2689,4.0,5.0,5.0,4.0,4.0,5.0,1.0,1.0,3.0,5.0,5.0,4.0,4.0,5.0,4.0,2.0,2.0,2.0,,,,,,,,,
R0028,ORG03,2,40,1.1,4.3999999999999995,2689,1.0,4.0,4.0,2.0,3.0,3.0,3.0,4.0,3.0,4.0,4.0,4.0,3.0,3.0,4.0,3.0,4.0,4.0,4.0,4.0,3.0,4.0,4.0,3.0,3.0,3.0,3.0
R0030,ORG04,1,27,0.5,3.1999999999999997,964,3.0,2.0,3.0,3.0,2.0,3.0,3.0,3.0,3.0,4.0,2.0,3.0,3.0,3.0,2.0,4.0,3.0,3.0,4.0,4.0,3.0,2.0,3.0,3.0,5.0,3.0,3.0
R0031,ORG04,2,26,5.8,3.4,964,2.0,2.0,1.0,2.0,2.0,2.0,5.0,5.0,5.0,3.0,3.0,3.0,2.0,4.0,2.0,5.0,5.0,5.0,4.0,3.0,2.0,2.0,2.0,3.0,5.0,4.0,4.0
R0032,ORG04,2,34,1.1,3.0,964,3.0,4.0,4.0,4.0,3.0,3.0,2.0,2.0,1.0,4.0,4.0,3.0,4.0,3.0,4.0,2.0,3.0,3.0,4.0,3.0,3.0,2.0,3.0,3.0,3.0,4.0,4.0
R0033,ORG04,2,27,1.7,2.4,964,4.0,3.0,3.0,3.0,3.0,3.0,3.0,3.0,5.0,4.0,4.0,3.0,3.0,3.0,3.0,3.0,3.0,3.0,4.0,4.0,4.0,3.0,3.0,2.0,3.0,2.0,2.0
R0034,ORG04,2,37,0.4,2.6,964,2.0,3.0,3.0,3.0,3.0,3.0,3.0,3.0,3.0,3.0,4.0,3.0,5.0,5.0,3.0,2.0,3.0,3.0,3.0,3.0,4.0,4.0,4.0,4.0,2.0,4.0,2.0
R0035,ORG04,2,29,3.6,2.4,964,4.0,3.0,5.0,4.0,3.0,5.0,3.0,4.0,3.0,4.0,4.0,4.0,5.0,5.0,5.0,3.0,2.0,3.0,4.0,3.0,4.0,4.0,4.0,3.0,4.0,4.0,3.0
R0037,ORG04,2,26,7.1,3.1999999999999997,964,3.0,3.0,2.0,3.0,3.0,3.0,3.0,3.0,3.0,3.0,3.0,3.0,4.0,4.0,3.0,4.0,4.0,4.0,3.0,3.0,4.0,4.0,4.0,4.0,3.0,4.0,2.0
R0038,ORG04,2,40,2.9,3.4,964,5.0,2.0,2.0,3.0,4.0,4.0,2.0,2.0,1.0,3.0,3.0,2.0,4.0,5.0,5.0,1.0,1.0,2.0,4.0,4.0,4.0,4.0,3.0,3.0,2.0,2.0,3.0
R0039,ORG04,1,33,4.2,3.6,964,3.0,2.0,3.0,4.0,4.0,4.0,4.0,4.0,3.0,4.0,3.0,4.0,3.0,3.0,3.0,4.0,3.0,4.0,2.0,3.0,4.0,2.0,3.0,3.0,3.0,4.0,4.0
R0040,ORG04,1,30,1.2,2.0,964,2.0,2.0,2.0,2.0,3.0,3.0,5.0,4.0,4.0,3.0,2.0,3.0,2.0,3.0,3.0,3.0,3.0,2.0,3.0,2.0,3.0,3.0,2.0,2.0,5.0,4.0,4.0
R0041,ORG04,1,28,1.6,3.4,964,3.0,3.0,2.0,2.0,2.0,2.0,5.0,4.0,5.0,1.0,2.0,3.0,3.0,3.0,3.0,3.0,4.0,4.0,2.0,3.0,3.0,3.0,3.0,3.0,4.0,3.0,3.0
R0042,ORG04,2,35,2.5,3.0,964,3.0,4.0,3.0,4.0,4.0,3.0,3.0,2.0,4.0,4.0,5.0,5.0,3.0,3.0,4.0,4.0,2.0,4.0,3.0,4.0,4.0,4.0,4.0,3.0,3.0,4.0,4.0
R0043,ORG04,1,29,0.3,2.6,964,3.0,4.0,4.0,3.0,2.0,2.0,4.0,3.0,3.0,3.0,3.0,4.0,3.0,2.0,3.0,4.0,3.0,4.0,3.0,5.0,4.0,2.0,3.0,3.0,4.0,5.0,4.0
R0044,ORG04,2,39,9.5,1.8,964,4.0,4.0,3.0,4.0,3.0,4.0,3.0,4.0,4.0,4.0,3.0,3.0,5.0,3.0,5.0,4.0,3.0,5.0,3.0,3.0,3.0,4.0,4.0,4.0,4.0,3.0,4.0
R0045,ORG05,2,36,1.5,2.6,313,4.0,4.0,4.0,2.0,3.0,3.0,4.0,4.0,4.0,4.0,3.0,5.0,3.0,2.0,3.0,4.0,5.0,4.0,3.0,4.0,3.0,4.0,3.0,4.0,4.0,4.0,4.0
R0046,ORG05,1,20,1.5,4.0,313,2.0,2.0,2.0,4.0,4.0,5.0,5.0,5.0,5.0,2.0,1.0,2.0,3.0,4.0,4.0,4.0,4.0,3.0,,,,,,,,,
R0047,ORG05,1,38,8.5,3.0,313,4.0,3.0,4.0,3.0,3.0,3.0,4.0,4.0,3.0,4.0,4.0,3.0,4.0,3.0,3.0,3.0,2.0,2.0,4.0,3.0,4.0,4.0,5.0,4.0,3.0,3.0,2.0
R0048,ORG05,2,31,3.9,2.8000000000000003,313,3.0,3.0,2.0,3.0,2.0,3.0,3.0,3.0,3.0,3.0,3.0,2.0,2.0,3.0,3.0,3.0,4.0,4.0,3.0,2.0,3.0,2.0,2.0,3.0,5.0,3.0,3.0
R0049,ORG05,1,26,3.7,3.0,313,4.0,3.0,2.0,2.0,4.0,3.0,4.0,3.0,3.0,2.0,2.0,2.0,3.0,3.0,4.0,3.0,3.0,3.0,2.0,2.0,3.0,4.0,3.0,4.0,2.0,2.0,2.0
R0050,ORG05,1,28,0.5,2.8000000000000003,313,3.0,4.0,4.0,3.0,2.0,3.0,3.0,3.0,3.0,4.0,4.0,4.0,2.0,2.0,3.0,3.0,3.0,4.0,3.0,3.0,3.0,2.0,4.0,3.0,2.0,4.0,3.0
R0051,ORG05,2,30,4.7,3.1999999999999997,313,3.0,2.0,3.0,3.0,3.0,4.0,5.0,4.0,3.0,,,,,,,,,,,,,,,,,,
R0052,ORG05,1,32,2.4,2.8000000000000003,313,2.0,2.0,3.0,2.0,1.0,3.0,4.0,4.0,4.0,3.0,2.0,2.0,3.0,5.0,3.0,4.0,4.0,3.0,4.0,3.0,3.0,3.0,2.0,3.0,5.0,5.0,5.0
R0053,ORG05,2,30,7.1,3.1999999999999997,313,4.0,2.0,3.0,3.0,3.0,2.0,4.0,4.0,3.0,4.0,3.0,3.0,3.0,4.0,2.0,3.0,3.0,4.0,2.0,2.0,2.0,3.0,3.0,4.0,2.0,3.0,3.0
R0054,ORG05,2,24,9.5,3.0,313,3.0,4.0,2.0,2.0,4.0,3.0,3.0,3.0,3.0,3.0,3.0,2.0,3.0,3.0,4.0,5.0,2.0,2.0,4.0,2.0,3.0,5.0,3.0,4.0,4.0,2.0,4.0
R0055,ORG05,1,27,2.9,1.8,313,4.0,3.0,4.0,3.0,1.0,2.0,4.0,4.0,4.0,3.0,2.0,3.0,3.0,4.0,2.0,4.0,4.0,4.0,,,,,,,,,
R0056,ORG05,1,24,1.8,3.0,313,2.0,2.0,3.0,2.0,3.0,2.0,4.0,5.0,4.0,2.0,2.0,3.0,2.0,3.0,2.0,4.0,3.0,4.0,,,,,,,,,
R0057,ORG05,1,30,2.8,2.1999999999999997,313,2.0,4.0,3.0,2.0,2.0,3.0,3.0,5.0,3.0,3.0,3.0,4.0,1.0,2.0,2.0,5.0,5.0,4.0,4.0,3.0,3.0,3.0,4.0,4.0,4.0,4.0,4.0
R0058,ORG05,2,34,3.3,3.0,313,3.0,3.0,4.0,2.0,3.0,2.0,4.0,4.0,3.0,,,,,,,,,,,,,,,,,,
R0059,ORG06,1,32,4.7,3.1999999999999997,2936,3.0,3.0,3.0,2.0,3.0,3.0,3.0,3.0,3.0,3.0,4.0,3.0,4.0,2.0,3.0,3.0,5.0,4.0,3.0,3.0,3.0,3.0,3.0,3.0,3.0,4.0,4.0
R0060,ORG06,2,28,2.8,2.0,2936,3.0,3.0,3.0,3.0,3.0,3.0,2.0,4.0,3.0,4.0,4.0,2.0,2.0,3.0,3.0,4.0,3.0,4.0,2.0,4.0,2.0,2.0,3.0,4.0,4.0,4.0,5.0
R0061,ORG06,1,35,4.8,1.2,2936,3.0,2.0,2.0,3.0,3.0,3.0,5.0,5.0,4.0,3.0,3.0,3.0,2.0,2.0,2.0,3.0,4.0,3.0,2.0,2.0,2.0,1.0,1.0,2.0,3.0,4.0,3.0
R0062,ORG06,2,26,2.4,2.0,2936,3.0,2.0,2.0,2.0,3.0,3.0,4.0,4.0,3.0,4.0,3.0,4.0,3.0,4.0,2.0,3.0,4.0,4.0,3.0,4.0,3.0,3.0,3.0,3.0,2.0,2.0,3.0
R0063,ORG06,2,23,1.3,2.8000000000000003,2936,3.0,4.0,3.0,3.0,2.0,2.0,3.0,4.0,4.0,4.0,3.0,3.0,2.0,2.0,3.0,3.0,4.0,4.0,5.0,2.0,4.0,1.0,2.0,2.0,4.0,4.0,3.0
R0064,ORG06,2,31,1.2,4.0,2936,4.0,3.0,4.0,3.0,3.0,2.0,5.0,5.0,4.0,3.0,4.0,4.0,2.0,3.0,3.0,4.0,5.0,5.0,4.0,4.0,4.0,3.0,2.0,3.0,5.0,5.0,5.0
R0065,ORG06,2,33,2.4,3.0,2936,4.0,4.0,4.0,3.0,2.0,3.0,5.0,4.0,4.0,4.0,5.0,5.0,3.0,3.0,3.0,4.0,4.0,4.0,3.0,4.0,4.0,2.0,3.0,3.0,4.0,4.0,3.0
R0066,ORG06,2,21,3.8,2.8000000000000003,2936,4.0,4.0,4.0,3.0,3.0,3.0,4.0,3.0,4.0,3.0,4.0,3.0,4.0,4.0,2.0,4.0,3.0,4.0,2.0,3.0,4.0,4.0,4.0,4.0,2.0,2.0,3.0
R0067,ORG06,1,36,3.9,2.4,2936,3.0,4.0,4.0,3.0,4.0,4.0,2.0,3.0,4.0,4.0,4.0,5.0,5.0,3.0,3.0,3.0,4.0,4.0,4.0,4.0,4.0,3.0,3.0,4.0,3.0,4.0,3.0
R0068,ORG07,1,29,0.6,2.4,2913,3.0,4.0,3.0,2.0,2.0,3.0,4.0,4.0,3.0,2.0,2.0,2.0,5.0,4.0,4.0,3.0,3.0,3.0,2.0,2.0,2.0,4.0,3.0,3.0,2.0,2.0,3.0
R0069,ORG07,2,26,5.5,4.2,2913,3.0,2.0,2.0,2.0,3.0,2.0,3.0,4.0,4.0,3.0,3.0,3.0,2.0,2.0,3.0,2.0,2.0,2.0,4.0,3.0,4.0,2.0,3.0,2.0,3.0,4.0,3.0
R0070,ORG07,1,36,7.4,3.0,2913,3.0,2.0,4.0,2.0,2.0,2.0,5.0,5.0,5.0,2.0,2.0,2.0,4.0,2.0,2.0,5.0,5.0,5.0,3.0,3.0,3.0,2.0,3.0,3.0,5.0,4.0,4.0
R0071,ORG07,2,30,2.5,2.6,2913,3.0,3.0,3.0,4.0,4.0,3.0,2.0,3.0,3.0,4.0,3.0,4.0,3.0,3.0,2.0,4.0,2.0,2.0,3.0,2.0,4.0,3.0,4.0,4.0,3.0,2.0,2.0
R0072,ORG07,2,27,2.5,3.0,2913,3.0,2.0,3.0,3.0,2.0,1.0,3.0,5.0,5.0,4.0,3.0,3.0,3.0,2.0,2.0,3.0,2.0,3.0,3.0,3.0,3.0,4.0,3.0,4.0,3.0,3.0,4.0
R0073,ORG07,1,40,1.1,3.0,2913,3.0,3.0,3.0,3.0,2.0,4.0,3.0,3.0,3.0,4.0,4.0,3.0,3.0,2.0,3.0,3.0,4.0,3.0,4.0,2.0,3.0,4.0,2.0,3.0,4.0,4.0,4.0
R0074,ORG07,1,33,2.8,3.6,2913,4.0,3.0,3.0,4.0,4.0,4.0,3.0,3.0,3.0,3.0,3.0,3.0,4.0,4.0,5.0,2.0,3.0,2.0,4.0,4.0,4.0,5.0,5.0,4.0,3.0,3.0,2.0
R0075,ORG07,2,27,8.2,3.6,2913,3.0,4.0,4.0,4.0,5.0,5.0,3.0,4.0,3.0,4.0,3.0,3.0,4.0,4.0,3.0,2.0,2.0,3.0,4.0,3.0,3.0,3.0,3.0,3.0,1.0,3.0,3.0
R0077,ORG08,1,31,1.9,3.0,2302,4.0,3.0,4.0,3.0,3.0,4.0,4.0,5.0,4.0,4.0,3.0,3.0,5.0,5.0,5.0,4.0,4.0,4.0,4.0,4.0,4.0,4.0,4.0,4.0,4.0,4.0,5.0
R0078,ORG08,1,30,4.8,2.6,2302,4.0,4.0,3.0,4.0,4.0,5.0,3.0,3.0,3.0,3.0,4.0,3.0,5.0,4.0,4.0,4.0,3.0,4.0,2.0,4.0,2.0,5.0,4.0,4.0,3.0,2.0,2.0
R0080,ORG08,2,27,4.3,2.4,2302,3.0,4.0,4.0,3.0,1.0,3.0,3.0,2.0,3.0,3.0,4.0,4.0,3.0,3.0,3.0,3.0,4.0,3.0,4.0,3.0,3.0,3.0,3.0,3.0,3.0,3.0,3.0
R0081,ORG08,2,32,0.7,1.5999999999999999,2302,2.0,2.0,3.0,2.0,2.0,1.0,2.0,3.0,3.0,4.0,3.0,2.0,2.0,2.0,1.0,2.0,2.0,3.0,3.0,5.0,3.0,3.0,3.0,3.0,4.0,3.0,3.0
R0082,ORG09,1,32,6.5,3.0,2172,4.0,4.0,4.0,3.0,2.0,3.0,4.0,3.0,2.0,3.0,3.0,2.0,3.0,4.0,2.0,1.0,3.0,2.0,3.0,4.0,3.0,2.0,3.0,2.0,3.0,3.0,4.0
R0083,ORG09,2,35,5.1,4.0,2172,3.0,4.0,5.0,3.0,3.0,4.0,4.0,4.0,3.0,3.0,4.0,2.0,4.0,4.0,3.0,2.0,4.0,3.0,4.0,3.0,4.0,3.0,3.0,4.0,3.0,2.0,2.0
R0084,ORG09,1,34,5.0,4.0,2172,3.0,3.0,3.0,3.0,4.0,3.0,2.0,3.0,4.0,3.0,3.0,5.0,3.0,4.0,4.0,3.0,4.0,3.0,4.0,3.0,4.0,4.0,4.0,3.0,3.0,3.0,4.0
R0085,ORG09,1,31,2.5,4.3999999999999995,2172,3.0,1.0,2.0,2.0,4.0,4.0,4.0,3.0,3.0,4.0,4.0,3.0,3.0,4.0,3.0,3.0,2.0,3.0,3.0,4.0,3.0,4.0,4.0,4.0,3.0,3.0,2.0
R0086,ORG09,1,43,1.3,3.6,2172,5.0,5.0,3.0,3.0,4.0,5.0,2.0,2.0,2.0,2.0,3.0,5.0,4.0,3.0,5.0,2.0,2.0,3.0,3.0,2.0,3.0,4.0,3.0,4.0,4.0,3.0,3.0
R0087,ORG09,1,26,3.9,3.4,2172,3.0,3.0,2.0,4.0,4.0,3.0,3.0,4.0,3.0,3.0,4.0,3.0,3.0,3.0,3.0,3.0,4.0,4.0,2.0,2.0,2.0,2.0,2.0,3.0,3.0,3.0,4.0
R0088,ORG09,1,30,0.9,3.8000000000000003,2172,3.0,3.0,3.0,4.0,5.0,4.0,3.0,1.0,2.0,,,,,,,,,,,,,,,,,,
R0089,ORG09,1,27,0.8,4.6000000000000005,2172,4.0,4.0,3.0,2.0,2.0,2.0,4.0,4.0,3.0,4.0,3.0,4.0,3.0,3.0,3.0,3.0,3.0,4.0,3.0,4.0,3.0,3.0,3.0,4.0,3.0,3.0,3.0
R0090,ORG10,1,32,2.9,2.1999999999999997,195,4.0,3.0,3.0,3.0,2.0,2.0,3.0,3.0,4.0,3.0,2.0,2.0,3.0,3.0,3.0,5.0,3.0,3.0,,,,,,,,,
R0091,ORG10,1,36,5.5,3.1999999999999997,195,3.0,3.0,3.0,3.0,3.0,4.0,3.0,4.0,4.0,4.0,3.0,3.0,3.0,2.0,3.0,2.0,3.0,2.0,4.0,4.0,3.0,3.0,3.0,4.0,3.0,4.0,2.0
R0092,ORG10,1,23,0.9,2.0,195,2.0,3.0,3.0,3.0,2.0,3.0,1.0,2.0,3.0,2.0,4.0,2.0,1.0,2.0,2.0,1.0,1.0,3.0,4.0,4.0,3.0,3.0,3.0,3.0,2.0,3.0,2.0
R0093,ORG10,2,26,3.2,2.8000000000000003,195,2.0,3.0,4.0,1.0,2.0,2.0,4.0,4.0,4.0,3.0,3.0,3.0,1.0,1.0,1.0,4.0,4.0,3.0,3.0,3.0,4.0,3.0,2.0,2.0,4.0,3.0,4.0
R0094,ORG10,1,32,1.9,3.4,195,4.0,2.0,2.0,2.0,3.0,2.0,3.0,3.0,3.0,4.0,4.0,2.0,2.0,3.0,3.0,3.0,3.0,4.0,4.0,4.0,4.0,2.0,2.0,3.0,3.0,3.0,4.0
R0095,ORG10,1,30,6.1,3.1999999999999997,195,3.0,4.0,3.0,3.0,2.0,3.0,5.0,4.0,4.0,3.0,4.0,5.0,4.0,4.0,3.0,4.0,2.0,4.0,4.0,3.0,3.0,4.0,3.0,2.0,2.0,4.0,3.0
R0096,ORG10,1,32,5.8,2.1999999999999997,195,2.0,3.0,2.0,2.0,2.0,2.0,4.0,3.0,3.0,4.0,3.0,1.0,2.0,2.0,1.0,3.0,3.0,3.0,3.0,2.0,3.0,2.0,2.0,3.0,3.0,4.0,3.0
R0097,ORG10,2,24,4.1,3.4,195,4.0,3.0,3.0,3.0,4.0,3.0,2.0,3.0,2.0,2.0,3.0,2.0,4.0,4.0,4.0,3.0,4.0,4.0,3.0,3.0,4.0,4.0,4.0,4.0,4.0,3.0,4.0
R0098,ORG10,1,34,11.0,2.4,195,3.0,2.0,3.0,2.0,1.0,1.0,3.0,2.0,3.0,2.0,3.0,3.0,1.0,2.0,2.0,3.0,4.0,3.0,3.0,3.0,3.0,3.0,1.0,2.0,4.0,3.0,3.0
R0100,ORG11,2,31,5.2,4.2,2213,4.0,4.0,5.0,4.0,4.0,4.0,1.0,1.0,1.0,,,,,,,,,,,,,,,,,,
R0101,ORG11,1,39,2.0,3.0,2213,3.0,2.0,3.0,3.0,2.0,3.0,4.0,4.0,4.0,4.0,3.0,3.0,3.0,2.0,3.0,4.0,4.0,5.0,4.0,4.0,3.0,3.0,3.0,2.0,2.0,2.0,3.0
R0102,ORG11,1,23,2.0,2.6,2213,4.0,3.0,1.0,2.0,4.0,3.0,5.0,5.0,5.0,2.0,4.0,3.0,3.0,3.0,3.0,5.0,4.0,4.0,4.0,4.0,3.0,2.0,3.0,3.0,3.0,4.0,3.0
R0103,ORG11,2,36,1.3,3.4,2213,3.0,2.0,2.0,2.0,3.0,2.0,2.0,2.0,2.0,3.0,3.0,2.0,1.0,3.0,2.0,5.0,3.0,4.0,3.0,3.0,4.0,3.0,3.0,2.0,5.0,4.0,4.0
R0104,ORG11,1,21,0.4,2.8000000000000003,2213,4.0,3.0,3.0,4.0,3.0,4.0,4.0,5.0,4.0,3.0,3.0,3.0,2.0,3.0,2.0,3.0,4.0,2.0,,,,,,,,,
R0105,ORG11,2,27,2.1,3.1999999999999997,2213,4.0,3.0,2.0,2.0,3.0,3.0,5.0,5.0,5.0,3.0,3.0,3.0,2.0,2.0,3.0,4.0,4.0,3.0,,,,,,,,,
R0106,ORG11,2,36,0.2,3.0,2213,1.0,2.0,3.0,4.0,4.0,3.0,4.0,4.0,3.0,4.0,4.0,4.0,3.0,4.0,3.0,5.0,5.0,3.0,3.0,4.0,4.0,3.0,3.0,3.0,3.0,3.0,3.0
R0107,ORG11,2,24,6.4,3.8000000000000003,2213,2.0,3.0,3.0,4.0,4.0,3.0,2.0,3.0,3.0,3.0,3.0,3.0,4.0,4.0,3.0,2.0,3.0,2.0,3.0,3.0,3.0,4.0,4.0,3.0,3.0,4.0,4.0
R0108,ORG11,1,34,3.5,2.6,2213,2.0,3.0,4.0,3.0,2.0,3.0,2.0,3.0,3.0,,,,,,,,,,,,,,,,,,
R0109,ORG11,2,26,0.3,3.0,2213,4.0,5.0,4.0,4.0,3.0,4.0,2.0,2.0,2.0,3.0,4.0,2.0,5.0,5.0,4.0,3.0,4.0,2.0,5.0,4.0,4.0,3.0,4.0,3.0,3.0,3.0,2.0
R0110,ORG11,1,31,3.5,3.0,2213,4.0,4.0,3.0,4.0,3.0,3.0,4.0,3.0,3.0,2.0,4.0,4.0,3.0,3.0,2.0,4.0,5.0,3.0,4.0,4.0,4.0,3.0,2.0,3.0,4.0,5.0,4.0
R0111,ORG11,2,24,4.1,3.0,2213,2.0,4.0,5.0,3.0,3.0,3.0,3.0,3.0,3.0,3.0,3.0,4.0,3.0,2.0,2.0,3.0,3.0,3.0,2.0,4.0,3.0,4.0,3.0,4.0,3.0,5.0,4.0
R0112,ORG11,2,26,1.4,3.4,2213,4.0,4.0,4.0,4.0,4.0,4.0,4.0,3.0,4.0,3.0,4.0,2.0,4.0,4.0,4.0,3.0,2.0,4.0,3.0,2.0,3.0,5.0,4.0,4.0,3.0,4.0,4.0
R0113,ORG11,1,24,2.3,2.6,2213,3.0,3.0,3.0,3.0,3.0,4.0,4.0,5.0,4.0,2.0,3.0,3.0,2.0,2.0,3.0,2.0,4.0,2.0,4.0,4.0,3.0,3.0,3.0,2.0,3.0,3.0,3.0
R0114,ORG11,2,21,2.6,3.4,2213,3.0,4.0,4.0,5.0,4.0,5.0,4.0,3.0,3.0,5.0,4.0,5.0,5.0,4.0,3.0,2.0,3.0,2.0,,,,,,,,,
R0115,ORG12,1,31,1.5,3.6,914,3.0,2.0,3.0,2.0,2.0,3.0,3.0,2.0,2.0,3.0,3.0,3.0,4.0,4.0,4.0,3.0,3.0,3.0,4.0,2.0,1.0,2.0,3.0,4.0,3.0,4.0,3.0
R0116,ORG12,1,26,11.9,3.0,914,3.0,3.0,4.0,4.0,3.0,4.0,2.0,4.0,3.0,3.0,4.0,4.0,2.0,3.0,1.0,3.0,4.0,3.0,3.0,2.0,2.0,3.0,2.0,2.0,4.0,4.0,4.0
R0117,ORG12,2,24,2.7,3.0,914,3.0,3.0,3.0,2.0,4.0,4.0,4.0,3.0,4.0,3.0,3.0,3.0,3.0,3.0,2.0,3.0,3.0,2.0,4.0,4.0,4.0,4.0,3.0,4.0,3.0,4.0,3.0
R0118,ORG12,2,33,3.5,3.4,914,3.0,3.0,4.0,4.0,3.0,3.0,2.0,2.0,2.0,2.0,2.0,3.0,2.0,2.0,3.0,3.0,3.0,2.0,2.0,3.0,2.0,3.0,2.0,3.0,2.0,1.0,2.0
R0119,ORG12,2,29,2.1,2.0,914,2.0,3.0,3.0,4.0,3.0,4.0,4.0,4.0,4.0,2.0,2.0,3.0,3.0,4.0,3.0,1.0,2.0,3.0,2.0,2.0,2.0,2.0,3.0,3.0,3.0,3.0,3.0
R0120,ORG12,1,29,2.6,2.8000000000000003,914,3.0,3.0,3.0,2.0,2.0,3.0,4.0,3.0,3.0,3.0,3.0,2.0,2.0,2.0,2.0,3.0,4.0,4.0,3.0,2.0,2.0,3.0,3.0,3.0,3.0,4.0,3.0
R0121,ORG12,2,25,0.7,3.8000000000000003,914,3.0,4.0,3.0,4.0,3.0,3.0,3.0,3.0,4.0,3.0,3.0,2.0,3.0,4.0,3.0,4.0,3.0,3.0,3.0,3.0,4.0,3.0,2.0,2.0,3.0,3.0,3.0
R0122,ORG12,2,38,2.5,2.6,914,3.0,3.0,3.0,3.0,2.0,3.0,2.0,2.0,2.0,3.0,2.0,3.0,3.0,2.0,4.0,2.0,3.0,3.0,3.0,4.0,2.0,2.0,1.0,3.0,3.0,4.0,3.0
R0123,ORG12,1,39,6.3,4.0,914,3.0,4.0,2.0,5.0,3.0,3.0,4.0,4.0,4.0,3.0,3.0,2.0,4.0,3.0,3.0,3.0,2.0,3.0,4.0,3.0,4.0,3.0,4.0,4.0,3.0,3.0,4.0
R0124,ORG12,2,34,6.0,4.0,914,3.0,3.0,3.0,5.0,4.0,5.0,4.0,3.0,4.0,3.0,3.0,4.0,3.0,4.0,3.0,3.0,3.0,3.0,1.0,2.0,3.0,3.0,3.0,2.0,3.0,2.0,3.0
R0125,ORG13,2,34,3.8,1.5999999999999999,1729,3.0,3.0,3.0,4.0,3.0,3.0,3.0,4.0,4.0,2.0,3.0,3.0,3.0,4.0,4.0,4.0,4.0,3.0,4.0,3.0,1.0,3.0,3.0,4.0,4.0,4.0,4.0
R0126,ORG13,2,32,12.9,2.6,1729,4.0,3.0,3.0,4.0,4.0,4.0,5.0,5.0,5.0,,,,,,,,,,,,,,,,,,
R0127,ORG13,1,38,4.6,1.8,1729,2.0,3.0,3.0,2.0,2.0,3.0,3.0,4.0,2.0,3.0,2.0,3.0,1.0,2.0,2.0,4.0,2.0,3.0,2.0,2.0,2.0,2.0,2.0,2.0,2.0,3.0,4.0
R0128,ORG13,2,35,5.3,1.5999999999999999,1729,1.0,3.0,3.0,3.0,3.0,2.0,3.0,3.0,3.0,2.0,2.0,2.0,2.0,4.0,2.0,2.0,3.0,3.0,3.0,1.0,3.0,3.0,4.0,4.0,3.0,3.0,4.0
R0129,ORG13,2,36,1.8,2.0,1729,4.0,2.0,2.0,3.0,4.0,3.0,3.0,3.0,3.0,3.0,2.0,4.0,4.0,4.0,4.0,1.0,2.0,3.0,3.0,3.0,3.0,5.0,4.0,4.0,3.0,2.0,3.0
R0130,ORG13,2,30,4.3,3.0,1729,2.0,2.0,2.0,2.0,3.0,3.0,4.0,4.0,4.0,,,,,,,,,,,,,,,,,,
R0131,ORG13,2,28,2.3,2.4,1729,4.0,3.0,3.0,4.0,4.0,4.0,3.0,4.0,4.0,4.0,3.0,2.0,5.0,5.0,3.0,5.0,4.0,3.0,2.0,3.0,4.0,5.0,5.0,3.0,3.0,3.0,4.0
R0132,ORG13,1,39,5.8,4.2,1729,3.0,4.0,4.0,3.0,4.0,3.0,4.0,3.0,5.0,3.0,4.0,3.0,3.0,3.0,3.0,3.0,3.0,3.0,4.0,3.0,4.0,4.0,3.0,4.0,3.0,3.0,3.0
R0133,ORG14,2,39,5.7,2.8000000000000003,2544,4.0,3.0,4.0,2.0,3.0,4.0,3.0,3.0,3.0,5.0,3.0,4.0,3.0,3.0,3.0,2.0,2.0,3.0,4.0,3.0,3.0,5.0,5.0,5.0,3.0,4.0,5.0
R0134,ORG14,1,39,2.6,2.4,2544,2.0,3.0,3.0,2.0,4.0,3.0,4.0,2.0,2.0,3.0,4.0,3.0,3.0,4.0,5.0,3.0,2.0,3.0,,,,,,,,,
R0136,ORG14,1,31,2.1,2.0,2544,4.0,3.0,3.0,3.0,4.0,4.0,4.0,5.0,5.0,4.0,4.0,3.0,4.0,4.0,4.0,3.0,5.0,3.0,3.0,2.0,2.0,3.0,5.0,4.0,4.0,3.0,4.0
R0138,ORG14,2,38,0.7,2.0,2544,3.0,3.0,3.0,1.0,3.0,2.0,4.0,4.0,4.0,3.0,3.0,4.0,1.0,3.0,2.0,4.0,4.0,3.0,2.0,2.0,2.0,4.0,4.0,3.0,3.0,5.0,4.0
R0139,ORG14,1,26,1.7,2.8000000000000003,2544,2.0,1.0,2.0,3.0,1.0,2.0,3.0,3.0,4.0,3.0,1.0,1.0,3.0,2.0,3.0,5.0,4.0,3.0,2.0,2.0,1.0,2.0,2.0,3.0,4.0,4.0,4.0
R0141,ORG14,2,21,1.0,3.0,2544,4.0,3.0,3.0,4.0,4.0,3.0,3.0,3.0,2.0,4.0,3.0,3.0,4.0,3.0,3.0,3.0,3.0,3.0,,,,,,,,,
R0142,ORG14,2,32,5.0,1.5999999999999999,2544,2.0,3.0,3.0,2.0,2.0,2.0,4.0,4.0,4.0,3.0,2.0,3.0,2.0,3.0,3.0,3.0,3.0,4.0,4.0,2.0,3.0,2.0,3.0,3.0,3.0,3.0,3.0
R0143,ORG14,2,25,4.1,3.6,2544,2.0,3.0,3.0,3.0,2.0,3.0,3.0,3.0,3.0,3.0,3.0,3.0,1.0,2.0,2.0,3.0,3.0,4.0,3.0,2.0,2.0,2.0,3.0,3.0,5.0,5.0,5.0
R0144,ORG14,1,23,6.1,3.0,2544,4.0,4.0,4.0,3.0,2.0,3.0,4.0,4.0,4.0,,,,,,,,,,,,,,,,,,
R0145,ORG14,2,35,8.6,3.8000000000000003,2544,3.0,1.0,2.0,3.0,2.0,3.0,5.0,5.0,5.0,3.0,3.0,2.0,3.0,2.0,3.0,5.0,3.0,4.0,3.0,3.0,3.0,3.0,4.0,2.0,4.0,4.0,4.0
R0146,ORG15,2,29,2.7,4.6000000000000005,1408,4.0,4.0,2.0,4.0,4.0,3.0,3.0,2.0,2.0,,,,,,,,,,,,,,,,,,
R0147,ORG15,1,27,2.4,4.8,1408,4.0,5.0,4.0,3.0,4.0,5.0,1.0,1.0,1.0,3.0,3.0,3.0,5.0,5.0,4.0,1.0,2.0,1.0,3.0,3.0,3.0,5.0,4.0,5.0,2.0,1.0,1.0
R0148,ORG15,1,35,3.7,3.6,1408,4.0,4.0,5.0,3.0,5.0,4.0,2.0,2.0,1.0,4.0,5.0,4.0,4.0,3.0,3.0,3.0,3.0,2.0,2.0,3.0,3.0,3.0,3.0,3.0,2.0,1.0,2.0
R0149,ORG15,2,28,1.9,3.8000000000000003,1408,4.0,4.0,4.0,3.0,4.0,3.0,2.0,2.0,2.0,3.0,3.0,3.0,3.0,2.0,3.0,2.0,3.0,4.0,2.0,3.0,4.0,2.0,3.0,2.0,4.0,4.0,4.0
R0150,ORG15,2,40,3.2,3.6,1408,3.0,4.0,3.0,4.0,3.0,4.0,3.0,3.0,3.0,3.0,5.0,4.0,5.0,4.0,4.0,3.0,3.0,3.0,3.0,3.0,4.0,3.0,4.0,4.0,3.0,3.0,2.0
R0151,ORG15,1,30,1.9,4.2,1408,3.0,3.0,5.0,4.0,4.0,5.0,2.0,2.0,2.0,4.0,3.0,4.0,5.0,4.0,3.0,2.0,3.0,2.0,2.0,4.0,3.0,3.0,4.0,4.0,2.0,3.0,3.0
R0152,ORG15,2,33,5.0,4.3999999999999995,1408,2.0,3.0,3.0,1.0,1.0,3.0,4.0,4.0,4.0,4.0,3.0,3.0,2.0,2.0,3.0,5.0,3.0,3.0,3.0,4.0,5.0,3.0,3.0,3.0,5.0,4.0,5.0
R0153,ORG15,2,32,1.4,3.6,1408,2.0,4.0,4.0,3.0,3.0,4.0,3.0,3.0,2.0,3.0,4.0,4.0,3.0,4.0,4.0,2.0,3.0,2.0,4.0,4.0,4.0,3.0,5.0,5.0,4.0,3.0,5.0
R0154,ORG15,2,25,2.1,4.0,1408,3.0,3.0,4.0,4.0,4.0,3.0,3.0,3.0,3.0,3.0,3.0,3.0,2.0,3.0,3.0,2.0,2.0,2.0,2.0,2.0,1.0,3.0,3.0,2.0,3.0,3.0,2.0
R0155,ORG15,1,30,0.6,3.6,1408,2.0,4.0,4.0,3.0,4.0,2.0,3.0,3.0,2.0,4.0,3.0,3.0,3.0,3.0,3.0,3.0,2.0,3.0,2.0,3.0,3.0,4.0,3.0,3.0,2.0,4.0,3.0
R0156,ORG15,1,38,0.2,3.1999999999999997,1408,5.0,4.0,4.0,3.0,3.0,3.0,2.0,4.0,3.0,2.0,3.0,2.0,3.0,3.0,2.0,4.0,2.0,4.0,,,,,,,,,
R0157,ORG15,1,35,6.9,3.8000000000000003,1408,4.0,4.0,5.0,4.0,4.0,4.0,3.0,2.0,2.0,3.0,3.0,3.0,4.0,4.0,5.0,2.0,4.0,4.0,3.0,3.0,3.0,5.0,5.0,5.0,3.0,3.0,2.0
R0159,ORG16,1,27,6.4,4.0,1713,2.0,2.0,3.0,4.0,4.0,4.0,5.0,4.0,5.0,2.0,3.0,3.0,4.0,4.0,3.0,3.0,3.0,3.0,3.0,3.0,3.0,4.0,3.0,3.0,3.0,3.0,4.0
R0161,ORG16,2,32,7.4,2.8000000000000003,1713,3.0,3.0,3.0,3.0,3.0,4.0,3.0,3.0,4.0,3.0,3.0,4.0,2.0,3.0,2.0,2.0,4.0,3.0,3.0,3.0,3.0,4.0,4.0,3.0,3.0,2.0,4.0
R0162,ORG16,2,38,7.0,4.3999999999999995,1713,3.0,4.0,3.0,3.0,2.0,4.0,3.0,3.0,3.0,2.0,3.0,2.0,3.0,2.0,3.0,4.0,3.0,4.0,,,,,,,,,
R0163,ORG16,1,31,2.9,2.6,1713,3.0,3.0,4.0,3.0,3.0,3.0,3.0,3.0,4.0,3.0,4.0,4.0,3.0,4.0,3.0,2.0,4.0,3.0,4.0,4.0,4.0,4.0,4.0,3.0,2.0,3.0,2.0
R0164,ORG16,1,32,0.5,3.4,1713,4.0,3.0,3.0,4.0,4.0,4.0,3.0,2.0,3.0,5.0,5.0,3.0,3.0,4.0,4.0,3.0,3.0,3.0,3.0,4.0,4.0,4.0,5.0,5.0,4.0,3.0,2.0
R0165,ORG16,1,29,1.7,3.0,1713,3.0,3.0,4.0,2.0,2.0,2.0,2.0,3.0,2.0,4.0,5.0,4.0,3.0,3.0,4.0,4.0,3.0,4.0,,,,,,,,,
R0166,ORG16,2,36,3.7,3.4,1713,4.0,4.0,3.0,4.0,3.0,3.0,3.0,4.0,3.0,5.0,4.0,4.0,4.0,5.0,4.0,2.0,3.0,2.0,4.0,3.0,4.0,4.0,4.0,4.0,3.0,2.0,2.0
R0167,ORG16,2,39,2.4,5.0,1713,4.0,4.0,3.0,4.0,4.0,4.0,1.0,1.0,2.0,4.0,3.0,4.0,3.0,2.0,3.0,2.0,2.0,2.0,2.0,3.0,4.0,3.0,2.0,3.0,3.0,3.0,3.0
R0168,ORG16,2,26,10.5,5.0,1713,5.0,5.0,5.0,4.0,5.0,5.0,3.0,4.0,2.0,4.0,4.0,4.0,5.0,5.0,5.0,2.0,3.0,4.0,3.0,3.0,3.0,3.0,3.0,4.0,2.0,3.0,2.0
R0169,ORG16,2,34,4.4,2.6,1713,3.0,3.0,3.0,4.0,4.0,3.0,3.0,3.0,3.0,3.0,5.0,5.0,4.0,4.0,4.0,4.0,2.0,3.0,4.0,3.0,3.0,4.0,5.0,4.0,3.0,4.0,5.0
R0170,ORG16,2,32,1.8,4.0,1713,4.0,4.0,3.0,3.0,4.0,4.0,2.0,1.0,2.0,3.0,4.0,3.0,5.0,3.0,4.0,2.0,2.0,3.0,5.0,3.0,3.0,5.0,5.0,3.0,2.0,2.0,2.0
R0171,ORG16,2,33,3.1,4.6000000000000005,1713,3.0,3.0,3.0,2.0,3.0,2.0,3.0,3.0,3.0,3.0,3.0,2.0,3.0,2.0,3.0,4.0,4.0,4.0,5.0,3.0,3.0,2.0,3.0,3.0,3.0,2.0,2.0
R0172,ORG17,1,35,2.1,1.5999999999999999,2469,5.0,3.0,3.0,3.0,3.0,2.0,3.0,3.0,3.0,3.0,3.0,2.0,2.0,2.0,2.0,2.0,4.0,2.0,3.0,4.0,4.0,2.0,3.0,4.0,3.0,3.0,2.0
R0173,ORG17,2,35,0.6,1.5999999999999999,2469,4.0,4.0,5.0,4.0,4.0,5.0,3.0,3.0,4.0,3.0,4.0,2.0,3.0,3.0,3.0,2.0,4.0,3.0,3.0,5.0,2.0,3.0,4.0,3.0,3.0,4.0,3.0
R0175,ORG17,1,32,0.2,2.0,2469,4.0,3.0,4.0,3.0,2.0,2.0,3.0,3.0,3.0,3.0,5.0,4.0,4.0,4.0,4.0,2.0,3.0,3.0,2.0,3.0,3.0,4.0,4.0,4.0,3.0,4.0,2.0
R0176,ORG17,2,28,0.6,1.2,2469,4.0,4.0,2.0,4.0,3.0,5.0,2.0,3.0,3.0,,,,,,,,,,,,,,,,,,
R0177,ORG17,2,22,3.0,1.8,2469,2.0,3.0,3.0,3.0,3.0,4.0,3.0,3.0,3.0,3.0,4.0,2.0,3.0,3.0,4.0,3.0,3.0,3.0,3.0,1.0,3.0,4.0,4.0,3.0,4.0,4.0,3.0
R0178,ORG17,2,30,2.4,3.1999999999999997,2469,3.0,3.0,3.0,3.0,4.0,3.0,2.0,3.0,4.0,4.0,4.0,4.0,2.0,3.0,3.0,4.0,3.0,3.0,3.0,3.0,3.0,3.0,4.0,2.0,2.0,2.0,2.0
R0180,ORG18,2,28,10.6,2.1999999999999997,425,3.0,3.0,2.0,2.0,2.0,2.0,5.0,5.0,5.0,2.0,3.0,2.0,2.0,3.0,4.0,5.0,5.0,5.0,3.0,4.0,4.0,2.0,3.0,2.0,3.0,4.0,4.0
R0181,ORG18,1,27,6.8,4.0,425,3.0,3.0,3.0,2.0,3.0,3.0,3.0,3.0,4.0,3.0,3.0,2.0,3.0,2.0,3.0,4.0,5.0,4.0,4.0,5.0,4.0,3.0,3.0,3.0,3.0,4.0,2.0
R0183,ORG18,1,32,3.3,3.0,425,3.0,3.0,3.0,3.0,2.0,3.0,5.0,4.0,4.0,3.0,4.0,3.0,3.0,2.0,3.0,4.0,2.0,3.0,3.0,4.0,3.0,3.0,3.0,2.0,4.0,3.0,3.0
R0184,ORG18,1,34,3.6,4.0,425,2.0,3.0,3.0,4.0,4.0,4.0,3.0,4.0,3.0,2.0,4.0,3.0,3.0,3.0,4.0,3.0,3.0,3.0,,,,,,,,,
R0185,ORG18,2,37,2.6,4.0,425,3.0,4.0,4.0,3.0,3.0,4.0,2.0,1.0,3.0,2.0,4.0,2.0,4.0,3.0,4.0,3.0,3.0,3.0,4.0,3.0,3.0,4.0,4.0,4.0,4.0,3.0,3.0
R0186,ORG18,2,31,3.5,3.6,425,3.0,3.0,2.0,3.0,4.0,4.0,4.0,4.0,4.0,,,,,,,,,,,,,,,,,,
R0187,ORG18,2,27,0.1,3.8000000000000003,425,2.0,2.0,2.0,3.0,2.0,3.0,5.0,5.0,5.0,1.0,3.0,3.0,4.0,4.0,3.0,4.0,4.0,4.0,2.0,2.0,2.0,2.0,3.0,4.0,5.0,5.0,5.0
R0188,ORG18,2,28,2.7,3.1999999999999997,425,3.0,4.0,3.0,4.0,3.0,4.0,3.0,3.0,3.0,4.0,3.0,3.0,3.0,4.0,2.0,3.0,3.0,3.0,2.0,3.0,3.0,4.0,4.0,4.0,2.0,2.0,4.0
R0189,ORG18,1,27,0.5,3.1999999999999997,425,4.0,3.0,5.0,2.0,2.0,1.0,4.0,4.0,3.0,3.0,3.0,4.0,2.0,1.0,3.0,4.0,4.0,4.0,4.0,4.0,5.0,2.0,3.0,4.0,4.0,4.0,4.0
R0190,ORG18,1,31,8.4,3.1999999999999997,425,3.0,3.0,4.0,3.0,3.0,3.0,4.0,4.0,3.0,2.0,2.0,2.0,2.0,2.0,2.0,3.0,4.0,4.0,,,,,,,,,
R0191,ORG18,1,30,0.2,2.8000000000000003,425,5.0,3.0,3.0,3.0,3.0,4.0,3.0,4.0,2.0,3.0,4.0,5.0,3.0,3.0,5.0,4.0,3.0,3.0,5.0,4.0,4.0,4.0,4.0,4.0,2.0,3.0,3.0
R0192,ORG19,1,35,3.2,2.6,2362,2.0,2.0,2.0,2.0,1.0,2.0,3.0,4.0,3.0,2.0,1.0,3.0,3.0,3.0,3.0,3.0,3.0,3.0,3.0,2.0,3.0,1.0,2.0,1.0,2.0,3.0,2.0
R0193,ORG19,2,28,2.2,2.5,2362,4.0,4.0,3.0,3.0,3.0,3.0,4.0,3.0,3.0,4.0,4.0,4.0,4.0,3.0,3.0,3.0,3.0,4.0,4.0,3.0,3.0,3.0,3.0,3.0,3.0,3.0,2.0
R0194,ORG19,1,29,4.1,2.4,2362,3.0,3.0,4.0,4.0,4.0,4.0,2.0,3.0,3.0,3.0,3.0,2.0,3.0,3.0,3.0,3.0,4.0,3.0,3.0,3.0,3.0,3.0,3.0,3.0,4.0,3.0,3.0
R0195,ORG19,2,26,5.2,1.5999999999999999,2362,3.0,4.0,3.0,4.0,3.0,2.0,3.0,4.0,4.0,3.0,3.0,3.0,4.0,4.0,5.0,4.0,3.0,4.0,,,,,,,,,
R0196,ORG19,2,32,5.4,2.6,2362,3.0,2.0,2.0,3.0,2.0,3.0,2.0,2.0,1.0,3.0,3.0,3.0,3.0,3.0,5.0,1.0,2.0,3.0,,,,,,,,,
R0197,ORG19,1,31,3.1,3.0,2362,3.0,4.0,3.0,4.0,3.0,4.0,4.0,3.0,3.0,3.0,4.0,3.0,2.0,3.0,2.0,4.0,4.0,5.0,,,,,,,,,
R0198,ORG20,1,38,10.7,2.4,1711,4.0,3.0,5.0,3.0,3.0,3.0,2.0,3.0,4.0,4.0,2.0,1.0,3.0,4.0,3.0,3.0,4.0,3.0,3.0,3.0,3.0,3.0,3.0,1.0,5.0,4.0,2.0
R0199,ORG20,1,29,1.0,3.0,1711,2.0,4.0,2.0,3.0,2.0,3.0,3.0,3.0,4.0,3.0,3.0,2.0,2.0,3.0,3.0,3.0,3.0,4.0,3.0,2.0,2.0,1.0,2.0,2.0,3.0,5.0,5.0
R0201,ORG20,1,33,5.8,3.1999999999999997,1711,4.0,4.0,4.0,4.0,4.0,3.0,3.0,4.0,3.0,2.0,4.0,1.0,4.0,4.0,5.0,4.0,3.0,4.0,3.0,3.0,2.0,4.0,4.0,3.0,2.0,3.0,2.0
R0202,ORG20,1,26,0.5,1.4000000000000001,1711,3.0,4.0,3.0,2.0,2.0,3.0,3.0,4.0,3.0,2.0,2.0,3.0,1.0,1.0,1.0,4.0,4.0,4.0,2.0,3.0,2.0,2.0,3.0,3.0,5.0,5.0,5.0
R0203,ORG20,2,27,0.4,2.4,1711,1.0,3.0,3.0,2.0,2.0,2.0,4.0,3.0,3.0,2.0,1.0,3.0,4.0,3.0,3.0,4.0,3.0,5.0,2.0,2.0,3.0,3.0,3.0,3.0,3.0,4.0,3.0
R0204,ORG20,2,26,7.4,3.0,1711,2.0,3.0,2.0,2.0,3.0,3.0,4.0,5.0,5.0,3.0,3.0,3.0,3.0,1.0,4.0,4.0,3.0,4.0,3.0,3.0,2.0,4.0,3.0,4.0,3.0,2.0,4.0
R0205,ORG20,2,28,1.6,3.4,1711,5.0,4.0,4.0,3.0,3.0,4.0,3.0,4.0,4.0,3.0,4.0,3.0,5.0,3.0,4.0,4.0,3.0,3.0,4.0,4.0,3.0,3.0,4.0,3.0,3.0,4.0,3.0
R0206,ORG20,2,29,1.0,3.1999999999999997,1711,5.0,4.0,4.0,5.0,4.0,5.0,2.0,2.0,3.0,3.0,4.0,4.0,3.0,4.0,4.0,3.0,3.0,4.0,3.0,4.0,3.0,4.0,3.0,2.0,2.0,3.0,3.0
R0207,ORG20,1,31,4.2,4.0,1711,3.0,3.0,3.0,4.0,5.0,5.0,4.0,3.0,4.0,4.0,4.0,3.0,4.0,5.0,4.0,2.0,3.0,2.0,4.0,5.0,4.0,3.0,4.0,3.0,2.0,3.0,1.0
R0208,ORG21,2,32,13.0,3.4,2360,5.0,4.0,4.0,4.0,3.0,4.0,2.0,1.0,2.0,3.0,3.0,4.0,4.0,5.0,3.0,3.0,3.0,2.0,5.0,3.0,5.0,3.0,3.0,4.0,3.0,2.0,3.0
R0210,ORG21,1,32,4.0,2.6,2360,2.0,4.0,2.0,2.0,2.0,2.0,2.0,4.0,4.0,3.0,3.0,4.0,2.0,3.0,3.0,4.0,4.0,4.0,3.0,3.0,4.0,1.0,4.0,3.0,4.0,2.0,3.0
R0211,ORG21,2,20,2.4,4.2,2360,3.0,4.0,4.0,3.0,4.0,4.0,2.0,3.0,2.0,4.0,5.0,4.0,3.0,3.0,4.0,3.0,2.0,3.0,4.0,4.0,4.0,4.0,2.0,2.0,4.0,4.0,4.0
R0212,ORG21,1,24,2.0,4.0,2360,3.0,3.0,4.0,3.0,4.0,5.0,2.0,2.0,3.0,4.0,3.0,4.0,4.0,3.0,2.0,2.0,3.0,1.0,4.0,3.0,3.0,2.0,3.0,3.0,3.0,2.0,4.0
R0213,ORG21,1,30,1.2,4.2,2360,4.0,4.0,3.0,4.0,4.0,4.0,2.0,3.0,2.0,4.0,4.0,5.0,2.0,2.0,2.0,1.0,3.0,1.0,3.0,3.0,3.0,3.0,4.0,4.0,2.0,2.0,1.0
R0214,ORG21,1,26,4.9,4.2,2360,3.0,3.0,4.0,4.0,5.0,4.0,2.0,1.0,1.0,3.0,2.0,3.0,5.0,4.0,5.0,1.0,2.0,1.0,4.0,3.0,4.0,4.0,3.0,2.0,2.0,2.0,1.0
R0215,ORG21,2,37,6.2,3.4,2360,4.0,3.0,4.0,4.0,2.0,4.0,3.0,2.0,3.0,,,,,,,,,,,,,,,,,,
R0216,ORG21,1,30,0.3,3.0,2360,3.0,3.0,4.0,3.0,3.0,4.0,3.0,3.0,2.0,4.0,5.0,5.0,4.0,4.0,3.0,2.0,2.0,3.0,4.0,3.0,3.0,3.0,4.0,5.0,2.0,1.0,2.0
R0217,ORG21,2,31,3.7,2.4,2360,3.0,2.0,3.0,3.0,3.0,3.0,5.0,4.0,5.0,2.0,2.0,2.0,2.0,3.0,3.0,4.0,4.0,5.0,,,,,,,,,
R0218,ORG22,2,42,2.4,3.4,2768,3.0,4.0,4.0,4.0,5.0,5.0,4.0,2.0,3.0,4.0,3.0,3.0,5.0,5.0,5.0,3.0,2.0,3.0,3.0,4.0,3.0,3.0,4.0,4.0,2.0,2.0,3.0
R0219,ORG22,1,30,5.5,4.0,2768,4.0,5.0,4.0,4.0,4.0,4.0,2.0,3.0,3.0,4.0,4.0,4.0,3.0,3.0,3.0,1.0,2.0,2.0,,,,,,,,,
R0220,ORG22,2,27,1.0,3.0,2768,2.0,3.0,4.0,3.0,3.0,3.0,4.0,4.0,4.0,4.0,3.0,3.0,4.0,5.0,4.0,3.0,4.0,3.0,3.0,4.0,4.0,4.0,4.0,3.0,3.0,4.0,4.0
R0221,ORG22,1,31,5.3,4.3999999999999995,2768,3.0,3.0,3.0,3.0,3.0,3.0,4.0,4.0,3.0,4.0,3.0,3.0,2.0,4.0,2.0,3.0,4.0,4.0,2.0,2.0,2.0,3.0,4.0,3.0,3.0,5.0,5.0
R0222,ORG22,2,35,1.9,3.8000000000000003,2768,4.0,4.0,3.0,4.0,4.0,5.0,3.0,3.0,3.0,3.0,4.0,4.0,4.0,3.0,3.0,3.0,3.0,3.0,,,,,,,,,
R0224,ORG22,1,33,3.6,3.4,2768,3.0,3.0,4.0,2.0,2.0,3.0,5.0,4.0,3.0,3.0,4.0,3.0,2.0,3.0,2.0,4.0,3.0,4.0,3.0,3.0,4.0,3.0,3.0,3.0,4.0,3.0,3.0
R0225,ORG22,2,32,6.1,2.4,2768,2.0,4.0,3.0,3.0,4.0,4.0,3.0,4.0,4.0,4.0,3.0,3.0,4.0,5.0,4.0,4.0,3.0,4.0,,,,,,,,,
R0226,ORG22,2,24,4.1,4.2,2768,2.0,3.0,4.0,3.0,4.0,5.0,4.0,4.0,4.0,2.0,3.0,3.0,4.0,3.0,3.0,2.0,3.0,3.0,3.0,4.0,3.0,4.0,4.0,4.0,2.0,3.0,1.0
R0227,ORG22,1,31,3.5,3.4,2768,3.0,3.0,4.0,4.0,4.0,4.0,2.0,4.0,4.0,4.0,2.0,2.0,3.0,2.0,3.0,3.0,3.0,3.0,2.0,3.0,3.0,2.0,2.0,3.0,2.0,3.0,3.0
R0228,ORG22,1,33,5.2,3.6,2768,5.0,3.0,2.0,4.0,3.0,3.0,4.0,4.0,3.0,3.0,3.0,4.0,3.0,2.0,3.0,4.0,4.0,5.0,3.0,3.0,4.0,2.0,1.0,1.0,2.0,2.0,4.0
R0229,ORG22,1,37,0.4,4.8,2768,3.0,3.0,4.0,5.0,5.0,5.0,2.0,1.0,2.0,4.0,5.0,3.0,5.0,4.0,5.0,3.0,4.0,3.0,5.0,4.0,4.0,3.0,5.0,5.0,2.0,3.0,3.0
R0230,ORG22,1,29,1.0,3.1999999999999997,2768,3.0,4.0,4.0,1.0,1.0,2.0,3.0,5.0,5.0,3.0,3.0,3.0,2.0,2.0,2.0,4.0,4.0,4.0,4.0,2.0,3.0,2.0,2.0,2.0,5.0,3.0,5.0
R0231,ORG22,2,32,3.5,3.1999999999999997,2768,4.0,4.0,4.0,3.0,4.0,4.0,4.0,4.0,4.0,3.0,4.0,3.0,3.0,4.0,3.0,3.0,4.0,3.0,3.0,4.0,3.0,3.0,2.0,4.0,3.0,3.0,3.0
R0232,ORG22,2,30,2.7,3.0,2768,1.0,3.0,4.0,3.0,3.0,4.0,4.0,3.0,3.0,2.0,3.0,3.0,2.0,3.0,2.0,3.0,5.0,3.0,2.0,3.0,2.0,2.0,2.0,3.0,4.0,3.0,4.0
R0233,ORG22,2,32,0.4,3.4,2768,4.0,3.0,3.0,4.0,4.0,5.0,4.0,3.0,4.0,4.0,4.0,3.0,4.0,3.0,3.0,2.0,4.0,2.0,2.0,4.0,3.0,4.0,4.0,4.0,1.0,3.0,3.0
R0234,ORG22,1,29,4.0,3.6,2768,2.0,3.0,3.0,2.0,3.0,3.0,4.0,4.0,3.0,2.0,1.0,1.0,3.0,2.0,3.0,4.0,4.0,5.0,2.0,3.0,2.0,2.0,3.0,3.0,3.0,3.0,3.0
R0236,ORG22,1,28,0.2,4.6000000000000005,2768,2.0,3.0,4.0,2.0,3.0,3.0,5.0,5.0,5.0,3.0,3.0,2.0,4.0,5.0,3.0,5.0,3.0,4.0,3.0,3.0,2.0,4.0,5.0,3.0,3.0,3.0,3.0
R0237,ORG22,1,28,1.7,4.2,2768,4.0,4.0,3.0,5.0,5.0,5.0,4.0,5.0,3.0,4.0,3.0,4.0,4.0,3.0,3.0,3.0,3.0,2.0,3.0,4.0,3.0,4.0,3.0,3.0,3.0,1.0,2.0
R0238,ORG23,2,20,4.0,2.1999999999999997,1365,3.0,3.0,3.0,3.0,2.0,3.0,3.0,3.0,3.0,3.0,2.0,2.0,4.0,4.0,3.0,3.0,3.0,3.0,3.0,3.0,4.0,4.0,4.0,2.0,2.0,2.0,3.0
R0239,ORG23,1,26,0.5,3.1999999999999997,1365,3.0,4.0,4.0,3.0,3.0,3.0,3.0,4.0,4.0,3.0,3.0,3.0,3.0,3.0,3.0,3.0,4.0,3.0,2.0,4.0,3.0,3.0,3.0,3.0,3.0,2.0,3.0
R0240,ORG23,2,38,0.5,3.0,1365,3.0,4.0,4.0,3.0,1.0,2.0,3.0,2.0,3.0,3.0,3.0,3.0,2.0,3.0,4.0,4.0,4.0,3.0,2.0,4.0,3.0,3.0,4.0,2.0,3.0,3.0,3.0
R0241,ORG23,2,35,6.0,3.4,1365,3.0,3.0,2.0,4.0,4.0,4.0,5.0,4.0,3.0,3.0,3.0,2.0,3.0,3.0,4.0,4.0,3.0,3.0,3.0,4.0,3.0,2.0,4.0,4.0,1.0,2.0,2.0
R0242,ORG23,2,25,2.0,4.2,1365,4.0,3.0,3.0,3.0,3.0,2.0,4.0,4.0,4.0,4.0,3.0,2.0,3.0,3.0,2.0,3.0,3.0,4.0,3.0,3.0,3.0,2.0,2.0,2.0,2.0,4.0,3.0
R0243,ORG23,1,21,8.6,2.4,1365,4.0,3.0,3.0,2.0,2.0,3.0,3.0,3.0,3.0,3.0,3.0,3.0,3.0,3.0,2.0,3.0,3.0,3.0,2.0,2.0,3.0,3.0,3.0,3.0,3.0,2.0,4.0
R0244,ORG23,2,35,0.6,3.6,1365,3.0,4.0,4.0,4.0,3.0,5.0,3.0,2.0,1.0,4.0,4.0,4.0,4.0,4.0,3.0,2.0,3.0,3.0,4.0,4.0,5.0,3.0,4.0,3.0,3.0,3.0,2.0
R0245,ORG23,1,34,5.6,3.8000000000000003,1365,2.0,4.0,3.0,5.0,4.0,5.0,2.0,3.0,4.0,3.0,3.0,3.0,5.0,5.0,5.0,3.0,2.0,3.0,4.0,4.0,5.0,5.0,4.0,3.0,3.0,4.0,5.0
R0246,ORG24,1,31,1.6,2.6,2040,5.0,5.0,4.0,3.0,2.0,3.0,3.0,4.0,3.0,3.0,3.0,4.0,4.0,4.0,5.0,3.0,3.0,5.0,4.0,4.0,3.0,3.0,4.0,3.0,3.0,3.0,3.0
R0247,ORG24,2,28,0.9,3.0,2040,2.0,2.0,2.0,4.0,4.0,4.0,3.0,3.0,3.0,3.0,3.0,3.0,3.0,4.0,4.0,4.0,2.0,4.0,,,,,,,,,
R0248,ORG24,1,22,6.2,3.8000000000000003,2040,2.0,4.0,3.0,5.0,4.0,4.0,2.0,2.0,2.0,5.0,3.0,3.0,3.0,3.0,4.0,2.0,2.0,1.0,1.0,4.0,3.0,5.0,4.0,4.0,2.0,3.0,3.0
R0249,ORG24,1,34,1.8,4.2,2040,2.0,4.0,3.0,4.0,3.0,4.0,3.0,3.0,3.0,1.0,2.0,2.0,4.0,4.0,3.0,3.0,3.0,3.0,2.0,3.0,3.0,4.0,4.0,3.0,3.0,3.0,3.0
R0250,ORG24,1,33,1.9,4.3999999999999995,2040,2.0,3.0,3.0,4.0,4.0,3.0,3.0,4.0,4.0,4.0,4.0,4.0,3.0,2.0,2.0,3.0,4.0,3.0,3.0,2.0,3.0,2.0,2.0,3.0,4.0,4.0,4.0
R0251,ORG24,2,36,1.8,2.6,2040,5.0,5.0,4.0,4.0,3.0,4.0,3.0,4.0,4.0,3.0,4.0,4.0,4.0,3.0,3.0,3.0,4.0,3.0,3.0,4.0,3.0,3.0,3.0,4.0,3.0,3.0,4.0
R0252,ORG24,1,28,2.9,1.8,2040,3.0,3.0,4.0,4.0,3.0,3.0,3.0,3.0,2.0,,,,,,,,,,,,,,,,,,
R0253,ORG24,2,34,0.6,4.2,2040,3.0,5.0,5.0,5.0,4.0,3.0,2.0,3.0,2.0,,,,,,,,,,,,,,,,,,
R0254,ORG25,1,37,10.5,3.4,2976,3.0,3.0,2.0,3.0,3.0,5.0,4.0,4.0,3.0,,,,,,,,,,,,,,,,,,
R0255,ORG25,1,33,2.0,1.5999999999999999,2976,4.0,3.0,3.0,4.0,4.0,4.0,4.0,4.0,3.0,3.0,2.0,3.0,3.0,3.0,3.0,3.0,4.0,3.0,2.0,2.0,3.0,3.0,4.0,2.0,4.0,4.0,4.0
R0256,ORG25,1,31,2.1,2.8000000000000003,2976,2.0,2.0,2.0,4.0,3.0,3.0,2.0,3.0,3.0,2.0,3.0,2.0,3.0,4.0,4.0,2.0,4.0,4.0,,,,,,,,,
R0257,ORG25,2,23,4.9,3.1999999999999997,2976,3.0,3.0,3.0,4.0,4.0,4.0,3.0,3.0,3.0,4.0,4.0,2.0,4.0,5.0,5.0,3.0,4.0,3.0,2.0,3.0,2.0,4.0,4.0,3.0,4.0,3.0,2.0
R0258,ORG25,1,31,4.1,3.6,2976,3.0,3.0,4.0,4.0,3.0,4.0,4.0,5.0,5.0,,,,,,,,,,,,,,,,,,
R0259,ORG25,1,22,6.1,3.1999999999999997,2976,4.0,3.0,4.0,4.0,3.0,3.0,3.0,3.0,3.0,3.0,4.0,3.0,3.0,3.0,3.0,3.0,3.0,2.0,2.0,3.0,3.0,3.0,3.0,3.0,3.0,4.0,3.0
R0260,ORG25,1,39,1.7,2.1999999999999997,2976,2.0,2.0,2.0,2.0,2.0,3.0,2.0,3.0,3.0,1.0,1.0,1.0,3.0,2.0,1.0,3.0,3.0,4.0,2.0,1.0,1.0,1.0,2.0,1.0,3.0,3.0,3.0
R0261,ORG25,1,35,2.4,2.0,2976,4.0,4.0,3.0,3.0,3.0,3.0,3.0,2.0,3.0,,,,,,,,,,,,,,,,,,
R0262,ORG25,1,31,9.5,1.2,2976,2.0,3.0,2.0,2.0,1.0,1.0,2.0,4.0,4.0,2.0,2.0,2.0,1.0,2.0,2.0,4.0,4.0,2.0,2.0,3.0,2.0,3.0,3.0,4.0,3.0,3.0,4.0
R0263,ORG26,2,30,8.5,3.8000000000000003,2867,4.0,3.0,4.0,3.0,3.0,3.0,3.0,3.0,2.0,4.0,3.0,4.0,2.0,2.0,2.0,3.0,3.0,4.0,4.0,3.0,3.0,3.0,3.0,3.0,3.0,2.0,2.0
R0264,ORG26,2,29,2.5,3.4,2867,3.0,3.0,3.0,5.0,5.0,4.0,3.0,3.0,3.0,3.0,3.0,3.0,4.0,5.0,4.0,2.0,2.0,2.0,4.0,2.0,3.0,3.0,4.0,3.0,2.0,2.0,2.0
R0265,ORG26,1,30,0.4,2.6,2867,3.0,4.0,3.0,2.0,3.0,3.0,3.0,5.0,4.0,4.0,3.0,3.0,4.0,3.0,3.0,4.0,4.0,4.0,4.0,3.0,3.0,3.0,4.0,3.0,3.0,2.0,3.0
R0266,ORG26,2,31,0.1,3.1999999999999997,2867,4.0,4.0,3.0,4.0,5.0,4.0,3.0,3.0,2.0,3.0,3.0,3.0,4.0,3.0,4.0,3.0,3.0,3.0,3.0,3.0,4.0,4.0,3.0,4.0,3.0,2.0,2.0
R0267,ORG26,1,27,0.5,2.6,2867,3.0,4.0,3.0,3.0,1.0,4.0,2.0,3.0,3.0,4.0,5.0,4.0,2.0,1.0,3.0,4.0,4.0,3.0,4.0,3.0,4.0,4.0,4.0,3.0,3.0,3.0,3.0
R0268,ORG26,2,30,1.8,4.3999999999999995,2867,3.0,3.0,3.0,2.0,3.0,3.0,4.0,3.0,4.0,4.0,4.0,4.0,2.0,2.0,3.0,3.0,4.0,2.0,4.0,3.0,3.0,3.0,2.0,3.0,4.0,3.0,5.0
R0269,ORG26,1,30,3.9,3.0,2867,5.0,3.0,3.0,2.0,3.0,3.0,3.0,3.0,4.0,3.0,3.0,2.0,2.0,3.0,2.0,3.0,2.0,3.0,2.0,2.0,3.0,2.0,4.0,3.0,4.0,4.0,4.0
R0270,ORG26,1,29,6.8,4.6000000000000005,2867,3.0,3.0,2.0,4.0,5.0,5.0,1.0,2.0,1.0,3.0,4.0,4.0,4.0,3.0,4.0,3.0,2.0,2.0,4.0,5.0,4.0,4.0,4.0,4.0,2.0,2.0,4.0
R0272,ORG27,1,34,1.7,2.5,2307,4.0,4.0,4.0,2.0,3.0,3.0,5.0,4.0,3.0,2.0,3.0,3.0,4.0,3.0,3.0,4.0,4.0,5.0,3.0,2.0,3.0,2.0,2.0,3.0,3.0,4.0,4.0
R0273,ORG27,1,36,5.0,2.4,2307,3.0,3.0,3.0,3.0,5.0,3.0,2.0,2.0,3.0,4.0,3.0,2.0,2.0,3.0,1.0,3.0,3.0,4.0,4.0,3.0,5.0,2.0,1.0,2.0,3.0,3.0,3.0
R0274,ORG27,2,28,10.5,1.5999999999999999,2307,3.0,3.0,2.0,3.0,3.0,3.0,3.0,3.0,2.0,3.0,3.0,3.0,3.0,3.0,3.0,1.0,2.0,1.0,3.0,2.0,3.0,3.0,3.0,3.0,3.0,3.0,3.0
R0275,ORG27,2,38,1.6,2.6,2307,3.0,3.0,4.0,3.0,2.0,3.0,2.0,3.0,2.0,3.0,3.0,4.0,2.0,2.0,3.0,4.0,3.0,3.0,2.0,3.0,3.0,3.0,4.0,4.0,4.0,3.0,3.0
R0276,ORG27,1,24,4.3,3.1999999999999997,2307,4.0,3.0,4.0,4.0,2.0,4.0,3.0,3.0,1.0,4.0,4.0,5.0,4.0,2.0,3.0,2.0,3.0,3.0,3.0,4.0,4.0,2.0,3.0,3.0,3.0,4.0,3.0
R0277,ORG27,2,28,3.3,1.8,2307,3.0,3.0,2.0,3.0,3.0,4.0,2.0,3.0,4.0,4.0,4.0,4.0,4.0,3.0,5.0,2.0,3.0,2.0,3.0,2.0,3.0,4.0,4.0,4.0,3.0,4.0,4.0
R0278,ORG27,1,39,3.4,2.6,2307,3.0,3.0,2.0,4.0,3.0,3.0,2.0,3.0,3.0,3.0,2.0,3.0,3.0,2.0,2.0,4.0,3.0,4.0,3.0,3.0,3.0,2.0,3.0,2.0,2.0,3.0,4.0
R0279,ORG27,1,31,11.1,3.4,2307,2.0,3.0,2.0,2.0,1.0,2.0,4.0,4.0,5.0,3.0,3.0,2.0,4.0,3.0,3.0,4.0,3.0,4.0,3.0,2.0,2.0,2.0,2.0,1.0,4.0,4.0,4.0
R0280,ORG27,2,30,1.9,3.6,2307,2.0,3.0,2.0,3.0,3.0,3.0,4.0,3.0,4.0,2.0,2.0,1.0,2.0,2.0,4.0,4.0,4.0,4.0,3.0,3.0,4.0,3.0,3.0,5.0,4.0,4.0,4.0
R0281,ORG27,2,32,5.6,2.8000000000000003,2307,3.0,4.0,2.0,3.0,4.0,3.0,3.0,3.0,5.0,4.0,5.0,3.0,3.0,3.0,2.0,4.0,3.0,3.0,3.0,4.0,4.0,3.0,3.0,3.0,2.0,2.0,3.0
R0282,ORG27,2,29,4.4,4.3999999999999995,2307,4.0,3.0,3.0,3.0,5.0,4.0,3.0,3.0,3.0,4.0,4.0,4.0,3.0,3.0,4.0,4.0,4.0,4.0,3.0,4.0,2.0,4.0,3.0,4.0,3.0,3.0,2.0
R0283,ORG28,1,32,4.8,3.8000000000000003,2691,3.0,4.0,3.0,5.0,5.0,3.0,2.0,2.0,3.0,4.0,3.0,3.0,4.0,3.0,4.0,2.0,2.0,2.0,3.0,2.0,3.0,4.0,3.0,2.0,3.0,3.0,3.0
R0284,ORG28,2,32,0.9,4.2,2691,4.0,3.0,3.0,3.0,4.0,3.0,1.0,1.0,2.0,3.0,2.0,2.0,3.0,3.0,2.0,3.0,2.0,3.0,4.0,3.0,3.0,1.0,2.0,2.0,3.0,2.0,2.0
R0285,ORG28,1,31,3.3,4.0,2691,3.0,3.0,2.0,4.0,4.0,3.0,3.0,3.0,2.0,2.0,3.0,3.0,4.0,4.0,5.0,3.0,3.0,2.0,3.0,4.0,4.0,4.0,3.0,3.0,2.0,2.0,2.0
R0286,ORG28,1,24,1.8,3.0,2691,4.0,2.0,3.0,2.0,1.0,2.0,5.0,5.0,4.0,3.0,3.0,3.0,4.0,2.0,2.0,4.0,4.0,3.0,,,,,,,,,
R0287,ORG28,1,28,2.8,4.2,2691,3.0,3.0,4.0,2.0,3.0,3.0,3.0,3.0,3.0,3.0,3.0,4.0,4.0,2.0,2.0,3.0,4.0,4.0,2.0,3.0,4.0,3.0,4.0,3.0,3.0,3.0,2.0
R0288,ORG29,2,32,2.4,3.6,2640,3.0,2.0,2.0,2.0,3.0,3.0,2.0,3.0,3.0,,,,,,,,,,,,,,,,,,
R0289,ORG29,2,26,5.8,2.5,2640,4.0,3.0,3.0,5.0,4.0,3.0,4.0,4.0,4.0,5.0,3.0,3.0,3.0,3.0,3.0,4.0,4.0,4.0,4.0,4.0,3.0,4.0,3.0,3.0,4.0,3.0,3.0
R0290,ORG29,1,26,0.5,2.8000000000000003,2640,2.0,3.0,2.0,2.0,3.0,2.0,4.0,2.0,2.0,4.0,3.0,2.0,3.0,3.0,3.0,1.0,3.0,2.0,3.0,4.0,3.0,2.0,3.0,3.0,2.0,3.0,3.0
R0291,ORG29,1,27,0.4,3.0,2640,4.0,3.0,3.0,3.0,3.0,3.0,4.0,3.0,3.0,3.0,4.0,4.0,4.0,3.0,3.0,3.0,4.0,3.0,3.0,3.0,4.0,4.0,5.0,3.0,3.0,2.0,3.0
R0292,ORG29,1,30,1.2,2.0,2640,3.0,3.0,4.0,3.0,3.0,3.0,4.0,3.0,4.0,3.0,3.0,2.0,2.0,2.0,2.0,4.0,3.0,4.0,2.0,3.0,4.0,2.0,2.0,2.0,3.0,3.0,3.0
R0293,ORG29,2,33,1.3,3.1999999999999997,2640,1.0,3.0,2.0,3.0,2.0,2.0,2.0,2.0,2.0,3.0,3.0,3.0,1.0,1.0,1.0,4.0,4.0,3.0,2.0,3.0,3.0,4.0,4.0,4.0,3.0,3.0,2.0
R0294,ORG29,1,32,2.0,2.0,2640,4.0,3.0,3.0,4.0,3.0,3.0,3.0,3.0,3.0,3.0,3.0,3.0,3.0,4.0,3.0,3.0,3.0,3.0,4.0,3.0,3.0,4.0,4.0,4.0,3.0,3.0,3.0
R0295,ORG29,1,35,5.6,2.0,2640,3.0,4.0,2.0,3.0,4.0,3.0,3.0,3.0,3.0,3.0,2.0,4.0,4.0,4.0,3.0,4.0,4.0,3.0,4.0,5.0,4.0,4.0,4.0,4.0,3.0,2.0,3.0
R0296,ORG29,2,32,5.5,1.0,2640,2.0,3.0,3.0,2.0,2.0,1.0,3.0,2.0,2.0,2.0,3.0,4.0,3.0,2.0,4.0,4.0,3.0,5.0,3.0,3.0,3.0,1.0,2.0,2.0,4.0,2.0,4.0
R0297,ORG29,2,27,6.3,2.8000000000000003,2640,4.0,3.0,4.0,4.0,4.0,4.0,3.0,3.0,3.0,4.0,4.0,4.0,3.0,3.0,4.0,3.0,3.0,3.0,3.0,5.0,4.0,3.0,3.0,3.0,4.0,3.0,3.0
R0298,ORG29,2,34,7.3,2.6,2640,2.0,3.0,2.0,2.0,2.0,2.0,4.0,4.0,3.0,4.0,2.0,1.0,3.0,2.0,3.0,4.0,4.0,4.0,4.0,3.0,2.0,1.0,1.0,1.0,4.0,3.0,3.0
R0299,ORG29,2,36,2.1,2.4,2640,4.0,3.0,2.0,1.0,2.0,2.0,2.0,3.0,3.0,3.0,4.0,4.0,3.0,2.0,3.0,3.0,2.0,2.0,4.0,4.0,4.0,2.0,3.0,2.0,3.0,4.0,3.0
R0300,ORG30,1,29,1.7,2.1999999999999997,499,4.0,4.0,4.0,4.0,3.0,3.0,5.0,4.0,3.0,4.0,5.0,3.0,3.0,4.0,2.0,3.0,3.0,3.0,3.0,3.0,3.0,5.0,4.0,5.0,3.0,2.0,4.0
R0301,ORG30,2,39,2.5,2.4,499,5.0,4.0,4.0,3.0,3.0,3.0,2.0,3.0,3.0,2.0,3.0,3.0,3.0,3.0,3.0,3.0,2.0,3.0,4.0,2.0,3.0,3.0,3.0,3.0,4.0,4.0,3.0
R0302,ORG30,1,36,3.7,2.8000000000000003,499,3.0,2.0,2.0,2.0,1.0,1.0,4.0,5.0,5.0,1.0,2.0,2.0,2.0,2.0,3.0,5.0,4.0,4.0,3.0,2.0,2.0,2.0,2.0,2.0,3.0,3.0,3.0
R0303,ORG30,1,33,2.3,1.8,499,3.0,4.0,3.0,2.0,4.0,4.0,3.0,2.0,3.0,3.0,1.0,4.0,3.0,4.0,3.0,3.0,3.0,3.0,4.0,3.0,3.0,4.0,3.0,3.0,3.0,3.0,2.0
R0304,ORG30,2,31,4.7,3.1999999999999997,499,5.0,3.0,4.0,3.0,3.0,3.0,4.0,5.0,4.0,,,,,,,,,,,,,,,,,,
R0305,ORG30,2,32,1.5,1.5999999999999999,499,3.0,3.0,3.0,2.0,2.0,2.0,3.0,4.0,4.0,3.0,2.0,3.0,2.0,2.0,3.0,4.0,4.0,2.0,3.0,3.0,4.0,3.0,4.0,3.0,4.0,4.0,4.0
R0306,ORG30,2,33,4.9,2.1999999999999997,499,1.0,2.0,3.0,2.0,2.0,2.0,4.0,4.0,3.0,3.0,3.0,3.0,2.0,3.0,2.0,4.0,4.0,2.0,3.0,2.0,2.0,1.0,3.0,3.0,4.0,5.0,5.0
R0307,ORG30,2,35,5.9,3.0,499,3.0,4.0,2.0,4.0,3.0,3.0,3.0,3.0,4.0,5.0,3.0,4.0,2.0,2.0,2.0,3.0,3.0,3.0,4.0,2.0,1.0,2.0,2.0,2.0,4.0,4.0,4.0
R0308,ORG30,2,32,8.7,3.1999999999999997,499,4.0,3.0,5.0,3.0,3.0,4.0,5.0,5.0,5.0,5.0,3.0,4.0,2.0,3.0,3.0,4.0,4.0,4.0,,,,,,,,,
R0309,ORG31,2,27,1.0,2.75,1518,3.0,2.0,3.0,2.0,3.0,2.0,2.0,2.0,3.0,3.0,3.0,3.0,2.0,4.0,4.0,3.0,4.0,4.0,4.0,4.0,4.0,2.0,2.0,2.0,3.0,3.0,4.0
R0310,ORG31,1,30,9.5,4.2,1518,3.0,4.0,4.0,4.0,4.0,4.0,2.0,2.0,3.0,4.0,3.0,2.0,4.0,3.0,3.0,2.0,2.0,3.0,3.0,2.0,3.0,4.0,5.0,4.0,2.0,4.0,3.0
R0311,ORG31,2,28,0.3,3.8000000000000003,1518,3.0,4.0,5.0,5.0,5.0,5.0,2.0,2.0,1.0,4.0,4.0,5.0,4.0,4.0,4.0,2.0,2.0,3.0,3.0,4.0,4.0,4.0,4.0,3.0,3.0,4.0,3.0
R0312,ORG31,2,20,1.4,4.0,1518,5.0,3.0,4.0,4.0,4.0,4.0,3.0,4.0,3.0,2.0,3.0,4.0,4.0,4.0,3.0,2.0,3.0,4.0,3.0,2.0,3.0,2.0,4.0,3.0,3.0,3.0,3.0
R0313,ORG31,2,34,3.4,3.0,1518,4.0,4.0,4.0,4.0,5.0,4.0,4.0,4.0,3.0,4.0,3.0,4.0,4.0,5.0,5.0,3.0,2.0,2.0,2.0,3.0,3.0,5.0,4.0,4.0,3.0,3.0,5.0
R0314,ORG31,1,29,1.5,3.8000000000000003,1518,2.0,3.0,3.0,2.0,3.0,3.0,4.0,4.0,4.0,2.0,3.0,2.0,2.0,3.0,3.0,4.0,4.0,5.0,3.0,2.0,3.0,2.0,2.0,2.0,3.0,5.0,4.0
R0315,ORG31,2,30,1.4,4.2,1518,3.0,4.0,5.0,3.0,3.0,3.0,3.0,2.0,3.0,3.0,2.0,3.0,3.0,5.0,4.0,3.0,2.0,3.0,4.0,3.0,3.0,3.0,5.0,3.0,3.0,3.0,3.0
R0316,ORG31,1,30,1.5,4.0,1518,3.0,2.0,2.0,2.0,2.0,2.0,4.0,4.0,3.0,4.0,3.0,4.0,2.0,2.0,2.0,4.0,3.0,3.0,3.0,4.0,3.0,3.0,3.0,3.0,4.0,3.0,3.0
R0317,ORG31,2,27,3.0,2.6,1518,5.0,4.0,4.0,5.0,3.0,4.0,3.0,3.0,3.0,4.0,5.0,4.0,5.0,4.0,5.0,3.0,2.0,3.0,4.0,4.0,4.0,4.0,4.0,3.0,2.0,1.0,4.0
R0318,ORG31,1,29,3.8,3.4,1518,4.0,3.0,4.0,3.0,3.0,3.0,2.0,1.0,2.0,4.0,5.0,4.0,4.0,3.0,4.0,3.0,3.0,4.0,5.0,4.0,4.0,4.0,3.0,5.0,2.0,3.0,1.0
R0319,ORG32,1,37,0.4,3.0,1502,1.0,2.0,2.0,4.0,4.0,3.0,4.0,3.0,3.0,2.0,2.0,2.0,3.0,4.0,4.0,4.0,2.0,3.0,3.0,2.0,2.0,3.0,2.0,2.0,3.0,3.0,4.0
R0320,ORG32,2,36,9.8,3.1999999999999997,1502,4.0,4.0,4.0,4.0,3.0,4.0,4.0,2.0,4.0,3.0,4.0,4.0,4.0,3.0,3.0,4.0,3.0,4.0,3.0,2.0,3.0,4.0,4.0,5.0,4.0,3.0,2.0
R0321,ORG32,2,22,1.1,1.8,1502,4.0,3.0,4.0,2.0,3.0,2.0,3.0,3.0,3.0,3.0,3.0,4.0,3.0,2.0,2.0,4.0,4.0,4.0,2.0,3.0,3.0,2.0,3.0,4.0,4.0,4.0,4.0
R0322,ORG32,1,34,0.6,4.3999999999999995,1502,4.0,4.0,3.0,3.0,3.0,3.0,3.0,4.0,4.0,4.0,3.0,4.0,3.0,2.0,4.0,3.0,4.0,4.0,3.0,4.0,1.0,5.0,4.0,4.0,3.0,4.0,3.0
R0323,ORG32,2,25,7.9,3.8000000000000003,1502,3.0,3.0,3.0,3.0,4.0,3.0,3.0,4.0,4.0,3.0,4.0,3.0,3.0,3.0,2.0,2.0,3.0,3.0,,,,,,,,,
R0324,ORG32,1,30,2.0,2.0,1502,4.0,2.0,4.0,4.0,5.0,3.0,2.0,3.0,3.0,4.0,3.0,3.0,4.0,4.0,4.0,5.0,4.0,3.0,,,,,,,,,
R0325,ORG32,1,36,2.8,3.0,1502,2.0,3.0,3.0,3.0,1.0,3.0,4.0,4.0,4.0,3.0,3.0,4.0,3.0,3.0,3.0,4.0,3.0,3.0,5.0,3.0,3.0,3.0,5.0,4.0,3.0,3.0,4.0
R0326,ORG32,1,27,0.4,4.0,1502,3.0,4.0,3.0,4.0,3.0,3.0,4.0,3.0,4.0,2.0,4.0,4.0,3.0,4.0,4.0,2.0,3.0,2.0,,,,,,,,,
R0327,ORG32,2,23,0.2,1.8,1502,4.0,3.0,3.0,3.0,2.0,3.0,3.0,3.0,4.0,2.0,3.0,3.0,3.0,3.0,3.0,3.0,4.0,5.0,,,,,,,,,
R0329,ORG32,1,22,0.5,3.0,1502,4.0,4.0,4.0,3.0,4.0,4.0,2.0,3.0,3.0,3.0,4.0,3.0,5.0,3.0,4.0,3.0,2.0,2.0,,,,,,,,,
R0330,ORG32,1,32,3.9,3.75,1502,3.0,2.0,2.0,4.0,3.0,4.0,4.0,4.0,3.0,3.0,3.0,3.0,4.0,3.0,2.0,5.0,4.0,4.0,3.0,3.0,3.0,3.0,2.0,2.0,3.0,3.0,3.0
R0331,ORG33,2,38,2.3,4.3999999999999995,491,3.0,3.0,4.0,4.0,4.0,5.0,2.0,3.0,2.0,3.0,4.0,2.0,5.0,5.0,4.0,3.0,3.0,3.0,,,,,,,,,
R0332,ORG33,1,36,5.2,3.0,491,4.0,3.0,3.0,4.0,4.0,3.0,5.0,5.0,5.0,3.0,3.0,5.0,4.0,5.0,5.0,2.0,3.0,4.0,4.0,4.0,3.0,4.0,5.0,4.0,1.0,2.0,3.0
R0333,ORG33,2,23,2.6,3.0,491,4.0,4.0,5.0,5.0,5.0,5.0,3.0,2.0,2.0,3.0,3.0,4.0,4.0,4.0,4.0,1.0,3.0,1.0,,,,,,,,,
R0334,ORG33,2,30,2.1,2.6,491,4.0,4.0,4.0,4.0,3.0,3.0,3.0,2.0,1.0,3.0,4.0,4.0,4.0,5.0,4.0,1.0,2.0,2.0,4.0,3.0,4.0,4.0,4.0,4.0,2.0,3.0,1.0
R0335,ORG33,2,30,8.3,3.0,491,3.0,3.0,2.0,3.0,2.0,2.0,5.0,5.0,5.0,3.0,4.0,3.0,2.0,3.0,3.0,3.0,3.0,3.0,4.0,3.0,2.0,3.0,2.0,3.0,2.0,4.0,4.0
R0336,ORG33,2,31,4.4,4.2,491,4.0,5.0,5.0,3.0,4.0,4.0,4.0,3.0,3.0,5.0,5.0,4.0,3.0,3.0,3.0,2.0,2.0,3.0,4.0,3.0,4.0,3.0,3.0,3.0,4.0,3.0,4.0
R0337,ORG33,2,32,2.4,3.0,491,4.0,4.0,4.0,4.0,4.0,3.0,3.0,3.0,4.0,4.0,3.0,4.0,4.0,3.0,3.0,4.0,3.0,3.0,4.0,4.0,3.0,4.0,4.0,3.0,3.0,3.0,2.0
R0338,ORG33,1,34,3.3,3.0,491,1.0,3.0,2.0,3.0,4.0,4.0,4.0,4.0,3.0,3.0,3.0,3.0,4.0,3.0,3.0,3.0,3.0,3.0,5.0,3.0,2.0,3.0,4.0,3.0,3.0,3.0,4.0
R0339,ORG33,1,29,0.1,4.25,491,4.0,4.0,4.0,4.0,5.0,5.0,3.0,3.0,4.0,,,,,,,,,,,,,,,,,,
R0340,ORG33,2,42,5.7,3.4,491,4.0,3.0,3.0,2.0,3.0,2.0,4.0,5.0,4.0,4.0,3.0,4.0,3.0,3.0,3.0,4.0,4.0,4.0,3.0,2.0,3.0,5.0,3.0,4.0,4.0,3.0,4.0
R0341,ORG33,2,26,0.5,5.0,491,4.0,3.0,4.0,3.0,3.0,3.0,4.0,3.0,3.0,5.0,4.0,4.0,3.0,5.0,5.0,4.0,3.0,4.0,4.0,4.0,3.0,2.0,3.0,2.0,4.0,3.0,3.0
R0342,ORG33,1,30,7.4,2.1999999999999997,491,4.0,4.0,2.0,2.0,2.0,3.0,5.0,5.0,4.0,4.0,4.0,3.0,3.0,3.0,4.0,4.0,5.0,3.0,4.0,4.0,4.0,3.0,5.0,4.0,3.0,4.0,2.0
R0343,ORG33,2,34,9.0,2.0,491,1.0,2.0,2.0,3.0,4.0,3.0,5.0,5.0,5.0,2.0,2.0,1.0,3.0,2.0,3.0,5.0,5.0,5.0,2.0,3.0,1.0,2.0,3.0,2.0,5.0,4.0,5.0
R0344,ORG34,2,28,6.5,2.6,2780,4.0,3.0,2.0,4.0,3.0,4.0,3.0,3.0,3.0,3.0,4.0,2.0,4.0,3.0,3.0,4.0,4.0,4.0,3.0,4.0,3.0,3.0,3.0,4.0,4.0,2.0,3.0
R0345,ORG34,1,28,3.5,3.0,2780,3.0,3.0,4.0,3.0,3.0,3.0,2.0,3.0,3.0,4.0,5.0,3.0,1.0,4.0,2.0,3.0,2.0,4.0,3.0,4.0,3.0,4.0,3.0,2.0,2.0,3.0,3.0
R0347,ORG34,2,25,3.1,2.6,2780,4.0,3.0,3.0,4.0,4.0,3.0,2.0,1.0,2.0,2.0,3.0,3.0,2.0,4.0,3.0,2.0,2.0,3.0,3.0,2.0,1.0,2.0,2.0,2.0,2.0,2.0,1.0
R0348,ORG34,2,26,5.1,2.4,2780,2.0,3.0,2.0,5.0,4.0,4.0,1.0,2.0,2.0,3.0,3.0,4.0,4.0,3.0,3.0,1.0,2.0,2.0,3.0,2.0,3.0,4.0,3.0,4.0,1.0,3.0,3.0
R0349,ORG34,2,27,1.2,3.4,2780,1.0,2.0,3.0,1.0,2.0,2.0,4.0,4.0,3.0,3.0,4.0,4.0,2.0,3.0,2.0,3.0,4.0,4.0,3.0,3.0,4.0,4.0,3.0,3.0,5.0,3.0,5.0
R0350,ORG35,1,41,5.1,3.1999999999999997,1046,2.0,2.0,2.0,4.0,4.0,4.0,2.0,3.0,2.0,,,,,,,,,,,,,,,,,,
R0351,ORG35,2,32,1.9,4.0,1046,3.0,4.0,4.0,3.0,2.0,4.0,3.0,3.0,3.0,,,,,,,,,,,,,,,,,,
R0352,ORG35,2,34,0.5,3.4,1046,2.0,2.0,2.0,3.0,3.0,3.0,3.0,3.0,2.0,2.0,3.0,2.0,4.0,2.0,3.0,3.0,3.0,4.0,,,,,,,,,
R0353,ORG35,2,29,0.1,4.0,1046,4.0,3.0,4.0,4.0,4.0,4.0,3.0,4.0,2.0,4.0,3.0,2.0,3.0,3.0,4.0,4.0,3.0,5.0,3.0,4.0,4.0,2.0,1.0,3.0,4.0,4.0,5.0
R0354,ORG35,1,25,5.6,3.4,1046,2.0,2.0,3.0,3.0,3.0,3.0,1.0,2.0,3.0,1.0,2.0,2.0,3.0,3.0,3.0,3.0,3.0,2.0,,,,,,,,,
R0356,ORG35,2,31,12.6,3.0,1046,2.0,3.0,2.0,3.0,2.0,1.0,4.0,4.0,3.0,,,,,,,,,,,,,,,,,,
R0357,ORG35,2,28,1.8,2.6,1046,3.0,3.0,5.0,3.0,2.0,2.0,3.0,3.0,3.0,3.0,3.0,4.0,2.0,3.0,2.0,3.0,4.0,3.0,3.0,2.0,3.0,2.0,4.0,3.0,4.0,4.0,4.0
R0358,ORG35,2,36,1.8,2.8000000000000003,1046,4.0,3.0,2.0,3.0,2.0,3.0,3.0,1.0,2.0,,,,,,,,,,,,,,,,,,
R0359,ORG36,2,28,0.6,3.0,1117,2.0,2.0,2.0,3.0,4.0,3.0,4.0,4.0,5.0,3.0,2.0,2.0,3.0,3.0,3.0,5.0,5.0,5.0,3.0,2.0,2.0,2.0,2.0,3.0,3.0,3.0,4.0
R0361,ORG36,2,32,1.4,3.0,1117,3.0,4.0,3.0,3.0,4.0,3.0,2.0,3.0,2.0,3.0,4.0,5.0,4.0,3.0,4.0,4.0,4.0,4.0,3.0,3.0,4.0,3.0,3.0,3.0,3.0,2.0,4.0
R0362,ORG36,2,42,3.9,4.6000000000000005,1117,4.0,4.0,3.0,5.0,5.0,5.0,3.0,3.0,2.0,3.0,4.0,3.0,3.0,4.0,5.0,2.0,2.0,2.0,3.0,2.0,3.0,3.0,3.0,3.0,3.0,3.0,3.0
R0363,ORG36,1,34,3.1,4.0,1117,3.0,4.0,3.0,3.0,4.0,4.0,4.0,4.0,4.0,,,,,,,,,,,,,,,,,,
R0365,ORG36,1,32,5.9,2.1999999999999997,1117,4.0,3.0,3.0,3.0,3.0,3.0,2.0,4.0,3.0,3.0,2.0,2.0,3.0,3.0,3.0,3.0,3.0,3.0,2.0,1.0,2.0,2.0,2.0,2.0,4.0,4.0,4.0
R0366,ORG36,2,36,5.5,2.1999999999999997,1117,3.0,2.0,2.0,3.0,2.0,3.0,4.0,4.0,4.0,2.0,2.0,1.0,3.0,1.0,2.0,4.0,3.0,4.0,4.0,3.0,5.0,3.0,2.0,3.0,4.0,4.0,5.0
R0367,ORG36,1,36,1.3,4.2,1117,3.0,4.0,4.0,3.0,3.0,3.0,3.0,3.0,3.0,4.0,4.0,4.0,4.0,3.0,3.0,2.0,3.0,2.0,4.0,3.0,3.0,3.0,3.0,3.0,2.0,3.0,2.0
R0368,ORG36,2,36,5.5,4.2,1117,4.0,3.0,3.0,3.0,3.0,3.0,3.0,3.0,2.0,5.0,4.0,3.0,3.0,4.0,4.0,2.0,3.0,2.0,4.0,4.0,5.0,2.0,4.0,2.0,3.0,2.0,2.0
R0369,ORG36,2,27,4.5,3.0,1117,3.0,5.0,5.0,4.0,4.0,5.0,3.0,3.0,3.0,4.0,4.0,4.0,3.0,3.0,4.0,3.0,4.0,2.0,4.0,5.0,4.0,4.0,4.0,4.0,3.0,4.0,4.0
R0370,ORG36,1,40,1.5,2.0,1117,4.0,3.0,4.0,5.0,4.0,3.0,3.0,3.0,2.0,3.0,4.0,5.0,4.0,5.0,5.0,3.0,2.0,3.0,,,,,,,,,
R0371,ORG36,2,28,0.5,2.6,1117,5.0,4.0,4.0,4.0,3.0,4.0,3.0,3.0,4.0,3.0,4.0,3.0,4.0,3.0,4.0,4.0,4.0,4.0,5.0,4.0,5.0,2.0,2.0,3.0,3.0,2.0,3.0
R0372,ORG37,2,30,1.7,3.6,551,3.0,4.0,4.0,3.0,3.0,2.0,4.0,3.0,3.0,3.0,3.0,3.0,4.0,3.0,3.0,3.0,4.0,4.0,3.0,3.0,3.0,3.0,3.0,3.0,2.0,4.0,3.0
R0373,ORG37,1,27,2.4,3.0,551,3.0,3.0,5.0,2.0,2.0,2.0,3.0,4.0,4.0,4.0,4.0,4.0,3.0,2.0,2.0,4.0,1.0,3.0,2.0,4.0,2.0,3.0,3.0,2.0,3.0,3.0,3.0
R0374,ORG37,2,32,3.1,4.3999999999999995,551,3.0,4.0,3.0,4.0,3.0,3.0,3.0,3.0,3.0,3.0,4.0,2.0,4.0,4.0,2.0,2.0,3.0,3.0,4.0,3.0,4.0,3.0,4.0,4.0,4.0,4.0,4.0
R0375,ORG37,2,40,2.6,4.2,551,4.0,3.0,2.0,3.0,3.0,2.0,4.0,4.0,3.0,5.0,4.0,2.0,4.0,3.0,3.0,3.0,3.0,4.0,4.0,3.0,3.0,2.0,2.0,3.0,3.0,4.0,2.0
R0376,ORG37,1,31,10.1,3.4,551,4.0,3.0,3.0,4.0,4.0,4.0,2.0,2.0,2.0,3.0,3.0,3.0,4.0,4.0,4.0,3.0,4.0,4.0,,,,,,,,,
R0378,ORG37,2,34,2.1,3.8000000000000003,551,3.0,3.0,3.0,4.0,5.0,5.0,3.0,3.0,3.0,3.0,3.0,2.0,3.0,4.0,4.0,3.0,3.0,3.0,2.0,4.0,3.0,3.0,3.0,3.0,3.0,3.0,2.0
R0380,ORG37,2,27,2.3,3.8000000000000003,551,4.0,3.0,3.0,3.0,3.0,3.0,3.0,3.0,4.0,2.0,3.0,3.0,3.0,3.0,2.0,3.0,4.0,3.0,3.0,2.0,3.0,4.0,5.0,3.0,4.0,4.0,4.0
R0381,ORG37,1,28,1.8,3.8000000000000003,551,3.0,3.0,3.0,4.0,5.0,3.0,2.0,4.0,2.0,,,,,,,,,,,,,,,,,,
R0382,ORG38,1,32,1.0,3.4,2612,4.0,3.0,2.0,3.0,3.0,4.0,2.0,2.0,2.0,4.0,3.0,3.0,4.0,4.0,3.0,3.0,3.0,2.0,4.0,2.0,1.0,2.0,3.0,3.0,3.0,3.0,3.0
R0383,ORG38,1,35,6.6,3.8000000000000003,2612,3.0,3.0,4.0,4.0,5.0,4.0,3.0,4.0,3.0,3.0,3.0,4.0,4.0,3.0,3.0,3.0,3.0,3.0,3.0,4.0,3.0,5.0,2.0,4.0,4.0,5.0,3.0
R0384,ORG38,2,27,1.6,3.6,2612,3.0,3.0,3.0,3.0,4.0,4.0,3.0,3.0,3.0,,,,,,,,,,,,,,,,,,
R0385,ORG38,2,28,1.0,2.1999999999999997,2612,3.0,3.0,1.0,3.0,3.0,3.0,1.0,2.0,2.0,3.0,2.0,2.0,4.0,4.0,4.0,2.0,1.0,1.0,3.0,3.0,3.0,3.0,3.0,4.0,1.0,1.0,2.0
R0387,ORG38,2,27,4.6,3.5,2612,4.0,3.0,4.0,4.0,5.0,3.0,4.0,5.0,4.0,4.0,4.0,4.0,4.0,3.0,4.0,2.0,4.0,3.0,4.0,4.0,4.0,4.0,4.0,3.0,2.0,3.0,3.0
R0388,ORG38,2,34,0.5,3.0,2612,2.0,2.0,2.0,4.0,3.0,3.0,3.0,3.0,3.0,2.0,2.0,3.0,3.0,2.0,3.0,3.0,3.0,3.0,4.0,3.0,3.0,2.0,1.0,1.0,5.0,5.0,4.0
R0389,ORG38,2,28,1.1,3.6,2612,3.0,3.0,3.0,3.0,3.0,3.0,3.0,4.0,3.0,4.0,3.0,3.0,2.0,1.0,2.0,3.0,3.0,4.0,,,,,,,,,
R0390,ORG38,1,29,7.6,3.0,2612,4.0,4.0,4.0,4.0,3.0,4.0,4.0,3.0,3.0,4.0,3.0,2.0,3.0,3.0,3.0,3.0,2.0,2.0,3.0,3.0,4.0,3.0,2.0,3.0,3.0,3.0,2.0
R0392,ORG38,1,37,2.7,3.1999999999999997,2612,3.0,3.0,3.0,3.0,2.0,3.0,3.0,5.0,3.0,4.0,3.0,3.0,2.0,2.0,3.0,2.0,4.0,3.0,4.0,3.0,4.0,2.0,3.0,2.0,3.0,3.0,3.0
R0393,ORG39,2,30,6.8,3.1999999999999997,840,4.0,3.0,2.0,3.0,4.0,3.0,4.0,4.0,3.0,1.0,3.0,3.0,3.0,2.0,3.0,3.0,2.0,3.0,3.0,3.0,3.0,2.0,3.0,3.0,2.0,4.0,3.0
R0394,ORG39,2,32,8.6,4.2,840,4.0,3.0,3.0,3.0,3.0,3.0,2.0,2.0,4.0,4.0,4.0,4.0,3.0,3.0,3.0,2.0,3.0,3.0,2.0,4.0,3.0,5.0,5.0,3.0,4.0,2.0,4.0
R0395,ORG39,1,30,2.3,3.8000000000000003,840,4.0,3.0,4.0,5.0,4.0,3.0,3.0,3.0,2.0,,,,,,,,,,,,,,,,,,
R0397,ORG39,1,35,6.2,3.4,840,3.0,2.0,3.0,3.0,3.0,4.0,4.0,4.0,4.0,2.0,2.0,4.0,3.0,3.0,3.0,4.0,4.0,4.0,3.0,3.0,3.0,4.0,3.0,4.0,4.0,4.0,4.0
R0398,ORG39,1,29,2.5,3.0,840,4.0,3.0,3.0,2.0,3.0,3.0,5.0,4.0,4.0,3.0,3.0,3.0,2.0,3.0,2.0,4.0,3.0,3.0,4.0,3.0,4.0,4.0,3.0,2.0,3.0,5.0,4.0
R0399,ORG39,1,34,4.4,3.6,840,2.0,3.0,3.0,2.0,3.0,2.0,2.0,4.0,3.0,3.0,2.0,3.0,3.0,2.0,3.0,3.0,3.0,4.0,,,,,,,,,
R0400,ORG39,2,24,4.5,3.8000000000000003,840,5.0,4.0,3.0,3.0,3.0,4.0,4.0,3.0,3.0,3.0,2.0,2.0,4.0,5.0,4.0,3.0,2.0,3.0,3.0,2.0,4.0,4.0,4.0,4.0,3.0,4.0,2.0
R0401,ORG39,1,29,3.6,3.8000000000000003,840,3.0,4.0,5.0,3.0,3.0,3.0,3.0,3.0,3.0,,,,,,,,,,,,,,,,,,
R0402,ORG39,2,28,7.1,3.4,840,4.0,4.0,4.0,5.0,4.0,5.0,2.0,2.0,3.0,3.0,4.0,3.0,4.0,4.0,4.0,3.0,3.0,2.0,4.0,2.0,3.0,3.0,4.0,4.0,2.0,5.0,3.0
R0403,ORG39,2,29,2.7,4.2,840,3.0,3.0,3.0,4.0,4.0,4.0,1.0,1.0,3.0,3.0,3.0,3.0,4.0,4.0,5.0,3.0,2.0,2.0,3.0,4.0,4.0,5.0,5.0,5.0,3.0,4.0,2.0
R0404,ORG39,2,34,1.9,3.6,840,2.0,4.0,3.0,4.0,2.0,4.0,4.0,2.0,3.0,3.0,2.0,3.0,3.0,4.0,3.0,2.0,4.0,3.0,2.0,3.0,4.0,3.0,4.0,3.0,4.0,4.0,2.0
R0405,ORG40,2,29,0.8,4.3999999999999995,1066,1.0,3.0,2.0,2.0,3.0,4.0,5.0,5.0,5.0,1.0,1.0,1.0,3.0,2.0,2.0,5.0,5.0,4.0,2.0,2.0,1.0,3.0,2.0,2.0,4.0,4.0,5.0
R0407,ORG40,2,27,1.0,4.2,1066,3.0,4.0,4.0,5.0,5.0,5.0,1.0,2.0,2.0,,,,,,,,,,,,,,,,,,
R0408,ORG40,1,27,0.5,3.0,1066,4.0,3.0,4.0,3.0,5.0,3.0,2.0,1.0,1.0,4.0,4.0,4.0,2.0,3.0,3.0,2.0,2.0,3.0,4.0,3.0,3.0,4.0,4.0,4.0,3.0,3.0,1.0
R0409,ORG40,2,27,1.8,4.6000000000000005,1066,5.0,3.0,5.0,3.0,3.0,4.0,4.0,4.0,4.0,,,,,,,,,,,,,,,,,,
R0410,ORG40,2,28,3.0,4.0,1066,3.0,3.0,4.0,3.0,2.0,2.0,4.0,3.0,2.0,4.0,4.0,3.0,4.0,3.0,3.0,4.0,3.0,3.0,2.0,3.0,3.0,4.0,5.0,3.0,3.0,4.0,2.0
R0411,ORG40,1,23,1.5,3.4,1066,3.0,3.0,4.0,3.0,2.0,3.0,2.0,2.0,2.0,3.0,3.0,3.0,2.0,3.0,3.0,1.0,3.0,2.0,,,,,,,,,
R0412,ORG40,1,44,1.3,4.2,1066,2.0,3.0,2.0,2.0,2.0,2.0,5.0,5.0,5.0,,,,,,,,,,,,,,,,,,
R0413,ORG40,2,36,0.2,4.8,1066,4.0,4.0,4.0,3.0,3.0,3.0,1.0,2.0,2.0,3.0,2.0,3.0,4.0,3.0,3.0,2.0,1.0,3.0,3.0,3.0,3.0,4.0,3.0,4.0,1.0,4.0,3.0
R0414,ORG40,2,23,1.2,3.75,1066,3.0,3.0,3.0,3.0,2.0,2.0,3.0,2.0,3.0,3.0,3.0,4.0,3.0,3.0,3.0,3.0,3.0,3.0,4.0,4.0,3.0,3.0,3.0,2.0,2.0,1.0,2.0
R0415,ORG41,1,25,1.9,2.6,341,3.0,3.0,3.0,3.0,3.0,2.0,4.0,4.0,4.0,2.0,2.0,2.0,4.0,4.0,3.0,3.0,4.0,2.0,2.0,4.0,4.0,3.0,3.0,1.0,2.0,3.0,1.0
R0416,ORG41,1,32,2.6,2.8000000000000003,341,3.0,4.0,4.0,3.0,3.0,3.0,3.0,3.0,2.0,3.0,3.0,3.0,4.0,3.0,3.0,2.0,3.0,2.0,3.0,3.0,4.0,3.0,3.0,5.0,2.0,3.0,3.0
R0417,ORG41,1,28,11.3,4.6000000000000005,341,3.0,4.0,5.0,5.0,5.0,4.0,2.0,2.0,1.0,4.0,3.0,3.0,5.0,3.0,3.0,2.0,2.0,2.0,3.0,4.0,3.0,3.0,3.0,3.0,2.0,3.0,3.0
R0419,ORG41,2,23,0.7,4.0,341,5.0,3.0,4.0,2.0,4.0,4.0,3.0,2.0,2.0,4.0,3.0,3.0,3.0,5.0,4.0,4.0,3.0,4.0,,,,,,,,,
R0420,ORG41,1,27,0.4,2.0,341,3.0,2.0,2.0,3.0,4.0,5.0,3.0,2.0,4.0,,,,,,,,,,,,,,,,,,
R0421,ORG41,1,33,6.7,2.4,341,2.0,3.0,3.0,3.0,3.0,2.0,4.0,4.0,4.0,4.0,4.0,3.0,2.0,4.0,3.0,4.0,3.0,4.0,2.0,4.0,2.0,3.0,3.0,3.0,4.0,4.0,4.0
R0422,ORG41,2,35,8.3,4.3999999999999995,341,3.0,3.0,3.0,3.0,2.0,3.0,4.0,4.0,4.0,2.0,2.0,2.0,2.0,2.0,2.0,3.0,3.0,3.0,3.0,3.0,3.0,3.0,2.0,2.0,4.0,5.0,5.0
R0423,ORG41,2,34,2.1,3.8000000000000003,341,3.0,2.0,2.0,4.0,3.0,4.0,4.0,4.0,5.0,3.0,4.0,3.0,2.0,3.0,2.0,4.0,4.0,3.0,2.0,3.0,2.0,4.0,3.0,3.0,4.0,3.0,4.0
R0425,ORG41,2,43,5.9,3.8000000000000003,341,3.0,3.0,3.0,4.0,3.0,3.0,3.0,4.0,3.0,4.0,4.0,4.0,3.0,4.0,3.0,4.0,3.0,3.0,4.0,3.0,4.0,2.0,2.0,4.0,3.0,3.0,4.0
R0426,ORG41,1,29,4.5,4.3999999999999995,341,5.0,3.0,4.0,3.0,3.0,4.0,4.0,3.0,3.0,,,,,,,,,,,,,,,,,,
R0427,ORG42,2,29,1.2,2.6,2690,3.0,3.0,3.0,2.0,2.0,2.0,4.0,4.0,4.0,3.0,3.0,2.0,2.0,3.0,3.0,4.0,3.0,4.0,2.0,3.0,2.0,2.0,4.0,2.0,3.0,3.0,4.0
R0428,ORG42,2,32,3.2,2.1999999999999997,2690,2.0,4.0,2.0,2.0,2.0,3.0,4.0,4.0,3.0,4.0,2.0,3.0,3.0,3.0,3.0,5.0,4.0,3.0,3.0,3.0,3.0,3.0,2.0,1.0,3.0,5.0,4.0
R0430,ORG42,2,31,3.2,3.4,2690,1.0,2.0,2.0,3.0,3.0,3.0,5.0,4.0,4.0,2.0,4.0,3.0,2.0,2.0,2.0,3.0,4.0,2.0,3.0,3.0,3.0,3.0,3.0,3.0,4.0,5.0,4.0
R0431,ORG42,1,22,7.0,4.0,2690,2.0,4.0,3.0,2.0,3.0,2.0,2.0,3.0,3.0,3.0,4.0,3.0,2.0,3.0,3.0,4.0,3.0,3.0,3.0,3.0,5.0,2.0,4.0,4.0,3.0,1.0,4.0
R0432,ORG42,1,30,3.0,3.0,2690,3.0,3.0,4.0,3.0,4.0,4.0,3.0,2.0,2.0,4.0,5.0,4.0,3.0,2.0,4.0,3.0,3.0,2.0,3.0,5.0,5.0,5.0,4.0,4.0,2.0,3.0,2.0
R0433,ORG42,1,35,6.8,2.8000000000000003,2690,4.0,4.0,3.0,2.0,4.0,3.0,2.0,3.0,3.0,2.0,3.0,2.0,3.0,4.0,3.0,4.0,4.0,3.0,4.0,3.0,4.0,3.0,4.0,4.0,3.0,3.0,3.0
R0434,ORG42,2,27,3.7,3.8000000000000003,2690,3.0,4.0,4.0,3.0,3.0,2.0,2.0,3.0,2.0,3.0,4.0,3.0,3.0,3.0,3.0,1.0,3.0,3.0,4.0,4.0,4.0,3.0,4.0,4.0,3.0,3.0,3.0
R0435,ORG42,2,30,1.8,2.4,2690,3.0,3.0,2.0,2.0,1.0,2.0,1.0,2.0,1.0,4.0,3.0,3.0,3.0,3.0,3.0,4.0,4.0,3.0,4.0,4.0,4.0,2.0,3.0,2.0,3.0,3.0,3.0
R0436,ORG42,1,41,3.6,2.6,2690,4.0,3.0,4.0,3.0,4.0,4.0,3.0,3.0,2.0,3.0,2.0,3.0,3.0,4.0,2.0,4.0,2.0,3.0,5.0,3.0,3.0,4.0,4.0,2.0,2.0,3.0,2.0
R0437,ORG42,2,29,0.0,3.4,2690,4.0,3.0,3.0,3.0,3.0,3.0,2.0,3.0,2.0,4.0,4.0,4.0,3.0,3.0,2.0,1.0,1.0,2.0,3.0,3.0,3.0,3.0,2.0,2.0,3.0,1.0,1.0
R0439,ORG43,2,29,3.3,3.1999999999999997,2703,5.0,4.0,5.0,4.0,4.0,5.0,5.0,4.0,4.0,3.0,4.0,2.0,4.0,4.0,4.0,3.0,4.0,3.0,3.0,3.0,3.0,5.0,5.0,4.0,2.0,2.0,3.0
R0440,ORG43,2,26,3.6,2.6,2703,5.0,3.0,4.0,3.0,2.0,3.0,3.0,4.0,4.0,,,,,,,,,,,,,,,,,,
R0441,ORG43,1,22,1.4,4.2,2703,2.0,3.0,4.0,5.0,5.0,4.0,3.0,4.0,3.0,4.0,4.0,4.0,5.0,5.0,5.0,4.0,2.0,3.0,4.0,4.0,4.0,5.0,5.0,5.0,2.0,3.0,2.0
R0442,ORG43,2,30,1.4,4.0,2703,2.0,2.0,3.0,3.0,3.0,3.0,5.0,5.0,5.0,1.0,2.0,1.0,3.0,2.0,3.0,4.0,4.0,4.0,3.0,2.0,2.0,3.0,4.0,4.0,4.0,5.0,5.0
R0443,ORG43,2,25,1.2,4.6000000000000005,2703,5.0,5.0,5.0,4.0,4.0,4.0,5.0,3.0,4.0,4.0,3.0,4.0,5.0,4.0,5.0,4.0,4.0,5.0,4.0,4.0,4.0,5.0,3.0,3.0,2.0,2.0,2.0
R0445,ORG44,2,22,0.4,4.6000000000000005,2343,4.0,5.0,4.0,5.0,4.0,4.0,4.0,3.0,4.0,3.0,3.0,4.0,4.0,3.0,4.0,3.0,4.0,3.0,5.0,4.0,4.0,3.0,3.0,4.0,4.0,5.0,4.0
R0446,ORG44,2,31,2.2,2.1999999999999997,2343,2.0,3.0,2.0,2.0,2.0,3.0,3.0,4.0,3.0,4.0,3.0,5.0,2.0,2.0,2.0,4.0,2.0,3.0,4.0,4.0,3.0,3.0,2.0,2.0,3.0,4.0,3.0
R0447,ORG44,2,32,2.4,2.8000000000000003,2343,2.0,3.0,3.0,2.0,2.0,2.0,3.0,4.0,3.0,4.0,4.0,4.0,2.0,1.0,1.0,3.0,3.0,4.0,2.0,4.0,3.0,1.0,2.0,2.0,3.0,5.0,4.0
R0448,ORG44,1,24,3.2,2.6,2343,3.0,4.0,3.0,2.0,3.0,3.0,3.0,3.0,2.0,4.0,3.0,2.0,4.0,3.0,3.0,3.0,4.0,2.0,2.0,2.0,3.0,2.0,3.0,2.0,2.0,1.0,2.0
R0449,ORG44,1,37,4.4,3.1999999999999997,2343,3.0,2.0,3.0,2.0,2.0,2.0,4.0,4.0,3.0,3.0,3.0,3.0,3.0,3.0,1.0,4.0,4.0,4.0,2.0,3.0,2.0,2.0,1.0,2.0,4.0,2.0,3.0
R0450,ORG44,1,31,0.7,2.1999999999999997,2343,3.0,3.0,5.0,4.0,4.0,3.0,3.0,3.0,3.0,,,,,,,,,,,,,,,,,,
R0451,ORG44,2,24,3.9,2.6,2343,4.0,3.0,2.0,3.0,3.0,3.0,3.0,4.0,3.0,3.0,4.0,3.0,4.0,3.0,4.0,4.0,3.0,3.0,3.0,3.0,2.0,4.0,4.0,3.0,3.0,4.0,3.0
R0452,ORG44,1,41,5.0,2.4,2343,4.0,4.0,4.0,4.0,4.0,4.0,4.0,3.0,3.0,3.0,3.0,4.0,4.0,4.0,4.0,3.0,4.0,4.0,3.0,3.0,2.0,3.0,4.0,4.0,4.0,4.0,4.0
R0453,ORG45,1,35,3.5,2.6,1371,2.0,4.0,3.0,3.0,3.0,3.0,5.0,4.0,4.0,4.0,3.0,3.0,4.0,2.0,2.0,3.0,3.0,3.0,4.0,3.0,4.0,2.0,2.0,3.0,5.0,4.0,4.0
R0454,ORG45,1,36,7.7,4.2,1371,3.0,3.0,4.0,3.0,4.0,4.0,4.0,3.0,4.0,3.0,2.0,3.0,3.0,3.0,3.0,3.0,3.0,3.0,3.0,4.0,3.0,2.0,4.0,3.0,3.0,3.0,3.0
R0455,ORG45,2,36,2.3,3.8000000000000003,1371,5.0,5.0,3.0,4.0,4.0,4.0,3.0,2.0,3.0,4.0,4.0,4.0,5.0,5.0,5.0,3.0,3.0,4.0,2.0,3.0,3.0,3.0,4.0,4.0,2.0,3.0,2.0
R0456,ORG45,2,32,0.7,2.6,1371,4.0,3.0,4.0,4.0,4.0,4.0,5.0,5.0,4.0,4.0,3.0,3.0,4.0,3.0,4.0,4.0,4.0,5.0,4.0,4.0,3.0,3.0,3.0,4.0,4.0,3.0,3.0
R0457,ORG45,1,33,2.2,2.6,1371,4.0,3.0,3.0,3.0,5.0,2.0,3.0,3.0,3.0,3.0,3.0,4.0,3.0,4.0,2.0,2.0,2.0,2.0,3.0,3.0,4.0,4.0,3.0,3.0,3.0,3.0,3.0
R0458,ORG45,2,36,5.7,2.0,1371,3.0,4.0,4.0,3.0,2.0,3.0,3.0,4.0,3.0,3.0,3.0,4.0,2.0,2.0,3.0,2.0,4.0,2.0,,,,,,,,,
R0459,ORG45,1,29,0.8,3.0,1371,5.0,4.0,4.0,5.0,4.0,4.0,2.0,4.0,4.0,4.0,4.0,4.0,5.0,5.0,5.0,5.0,3.0,4.0,3.0,4.0,3.0,4.0,4.0,3.0,3.0,2.0,3.0
R0460,ORG45,1,28,0.2,4.2,1371,3.0,4.0,3.0,3.0,4.0,4.0,5.0,4.0,5.0,4.0,4.0,4.0,4.0,4.0,4.0,5.0,4.0,4.0,4.0,3.0,4.0,3.0,4.0,3.0,3.0,4.0,3.0
R0462,ORG46,1,39,1.8,4.0,2198,5.0,4.0,3.0,4.0,4.0,4.0,4.0,5.0,4.0,4.0,5.0,4.0,3.0,4.0,4.0,5.0,3.0,4.0,4.0,5.0,5.0,3.0,2.0,3.0,3.0,4.0,4.0
R0463,ORG46,1,30,2.2,1.8,2198,2.0,2.0,3.0,2.0,2.0,2.0,4.0,4.0,4.0,2.0,2.0,3.0,2.0,2.0,2.0,4.0,4.0,4.0,3.0,4.0,2.0,3.0,2.0,3.0,4.0,4.0,3.0
R0464,ORG46,1,32,3.8,4.0,2198,4.0,4.0,4.0,3.0,3.0,3.0,3.0,3.0,3.0,3.0,3.0,5.0,4.0,5.0,3.0,3.0,2.0,1.0,3.0,3.0,4.0,3.0,3.0,3.0,2.0,1.0,3.0
R0465,ORG46,2,33,3.9,2.6,2198,5.0,3.0,4.0,2.0,2.0,2.0,4.0,4.0,4.0,4.0,3.0,4.0,2.0,2.0,3.0,2.0,4.0,4.0,2.0,2.0,2.0,3.0,4.0,5.0,5.0,5.0,4.0
R0466,ORG46,1,31,7.9,1.4000000000000001,2198,3.0,2.0,4.0,1.0,2.0,2.0,3.0,2.0,3.0,3.0,3.0,2.0,3.0,2.0,3.0,3.0,4.0,4.0,3.0,3.0,2.0,3.0,4.0,3.0,3.0,3.0,4.0
R0467,ORG46,1,30,1.1,2.8000000000000003,2198,4.0,4.0,4.0,3.0,3.0,3.0,4.0,3.0,3.0,4.0,4.0,5.0,3.0,2.0,4.0,3.0,3.0,4.0,2.0,2.0,4.0,3.0,4.0,3.0,4.0,5.0,4.0
R0468,ORG46,1,38,8.7,3.6,2198,3.0,3.0,3.0,2.0,3.0,2.0,4.0,4.0,4.0,4.0,4.0,4.0,5.0,4.0,3.0,2.0,3.0,3.0,4.0,4.0,5.0,4.0,4.0,4.0,2.0,3.0,3.0
