rid,org_id,sex,age,tenure_yr,TI_TOT,WE_TOT,LS_TOT,CM_TOT,q_open,answer,dominant_topic_true
R0001,ORG01,2,31,1.9,3.333,3.25,2.0,2.438,우리 회사의 인재개발에서 개선이 필요한 점은 무엇입니까?,팀장 협업 존중이(가) 가장 큰 문제라고 생각합니다. 온라인 콘텐츠 학습이(가) 가장 큰 문제라고 생각합니다.,리더십·관계
R0002,ORG01,1,32,0.8,4.0,4.0,4.0,4.0,우리 회사의 인재개발에서 개선이 필요한 점은 무엇입니까?,회사가 업무량 피로에 더 신경 써 주면 좋겠습니다. 분위기 관계 리더 관련해서 만족스러운 편입니다.,업무량·소진
R0003,ORG01,2,35,4.2,2.0,3.417,3.4,3.812,우리 회사의 인재개발에서 개선이 필요한 점은 무엇입니까?,"구성원 차원에서 볼 때, 온라인 교육 학습 부분에서 개선이 필요합니다.",교육·학습
R0004,ORG01,1,34,4.7,3.0,2.833,2.6,3.812,우리 회사의 인재개발에서 개선이 필요한 점은 무엇입니까?,"생각 차원에서 볼 때, 회사가 임금 승급에 더 신경 써 주면 좋겠습니다.",보상·처우
R0005,ORG01,2,28,4.2,3.333,4.167,2.4,4.312,우리 회사의 인재개발에서 개선이 필요한 점은 무엇입니까?,역량개발 미래 경력 경력경로이(가) 가장 큰 문제라고 생각합니다.,경력·성장
R0006,ORG01,1,38,4.9,3.333,3.5,3.8,3.125,우리 회사의 인재개발에서 개선이 필요한 점은 무엇입니까?,소통 존중 피드백 협업 문제가 반복되고 있습니다. 수당 인센티브 승급에 대한 지원이 부족합니다. 성장 역량개발 전문성 자기계발 측면은 잘 되어 있다고 봅니다.,리더십·관계
R0007,ORG01,1,35,0.7,3.0,4.182,3.8,3.688,우리 회사의 인재개발에서 개선이 필요한 점은 무엇입니까?,,교육·학습
R0008,ORG01,2,34,4.4,2.333,4.0,2.6,3.625,우리 회사의 인재개발에서 개선이 필요한 점은 무엇입니까?,승급 만족 공정 복지 관련해서 만족스러운 편입니다.,보상·처우
R0009,ORG02,2,27,3.4,4.333,2.333,3.0,2.562,우리 회사의 인재개발에서 개선이 필요한 점은 무엇입니까?,휴식 일정 여유 때문에 고민이 많습니다. 교육비 학습 연수 측면은 잘 되어 있다고 봅니다. 소통 협업 코칭 부분에서 개선이 필요합니다.,업무량·소진
R0010,ORG02,1,33,4.3,2.333,4.0,3.8,3.75,우리 회사의 인재개발에서 개선이 필요한 점은 무엇입니까?,"필요 차원에서 볼 때, 승진 직무전환 문제가 반복되고 있습니다.",경력·성장
R0011,ORG02,1,23,5.0,4.333,2.75,2.4,2.438,우리 회사의 인재개발에서 개선이 필요한 점은 무엇입니까?,,보상·처우
R0012,ORG02,2,34,5.8,3.0,3.0,3.0,3.0,우리 회사의 인재개발에서 개선이 필요한 점은 무엇입니까?,피로 과중 번아웃 부분에서 개선이 필요합니다. 팀장 관계 협업 때문에 고민이 많습니다.,업무량·소진
R0013,ORG02,2,32,8.0,4.0,3.0,4.2,2.25,우리 회사의 인재개발에서 개선이 필요한 점은 무엇입니까?,없음,업무량·소진
R0014,ORG02,2,31,4.8,2.333,3.917,4.6,3.75,우리 회사의 인재개발에서 개선이 필요한 점은 무엇입니까?,경력경로 승진 자기계발 비전 관련해서 만족스러운 편입니다. 협업 코칭 팀장 상사 부분에서 개선이 필요합니다.,경력·성장
R0015,ORG02,1,36,3.9,4.667,3.5,4.6,4.375,우리 회사의 인재개발에서 개선이 필요한 점은 무엇입니까?,온라인 콘텐츠 문제가 반복되고 있습니다. 휴식 피로 과중 문제가 반복되고 있습니다.,교육·학습
R0016,ORG02,1,39,5.9,3.667,3.083,2.6,3.75,우리 회사의 인재개발에서 개선이 필요한 점은 무엇입니까?,,보상·처우
R0017,ORG02,1,27,5.2,3.0,3.167,4.6,3.375,우리 회사의 인재개발에서 개선이 필요한 점은 무엇입니까?,"현재 차원에서 볼 때, 과정 교육비 때문에 고민이 많습니다. 승급 만족 연봉 관련해서 만족스러운 편입니다.",교육·학습
R0018,ORG03,1,30,1.6,3.333,3.75,2.4,4.0,우리 회사의 인재개발에서 개선이 필요한 점은 무엇입니까?,상사 소통 존중 관계에 대한 지원이 부족합니다.,리더십·관계
R0019,ORG03,2,30,5.6,4.0,2.833,2.6,3.312,우리 회사의 인재개발에서 개선이 필요한 점은 무엇입니까?,스트레스 피로 과중 때문에 고민이 많습니다. 공정 수당 처우 승급 관련해서 만족스러운 편입니다. 강의 교육비 학습이(가) 가장 큰 문제라고 생각합니다.,업무량·소진
R0020,ORG03,1,24,4.3,2.667,3.833,2.8,3.312,우리 회사의 인재개발에서 개선이 필요한 점은 무엇입니까?,과정 연수 강의 교육비 문제가 반복되고 있습니다.,교육·학습
R0021,ORG03,2,26,1.5,3.0,4.0,3.0,3.625,우리 회사의 인재개발에서 개선이 필요한 점은 무엇입니까?,부담 야근이(가) 가장 큰 문제라고 생각합니다.,업무량·소진
R0022,ORG03,2,39,3.4,2.667,3.167,3.6,2.875,우리 회사의 인재개발에서 개선이 필요한 점은 무엇입니까?,피드백 신뢰 코칭에 대한 지원이 부족합니다.,리더십·관계
R0023,ORG03,1,38,1.0,3.333,3.25,2.5,3.062,우리 회사의 인재개발에서 개선이 필요한 점은 무엇입니까?,여유 일정에 대한 지원이 부족합니다.,업무량·소진
R0024,ORG03,1,29,3.8,3.333,3.083,3.4,3.125,우리 회사의 인재개발에서 개선이 필요한 점은 무엇입니까?,회사가 휴식 워라밸 스트레스 야근에 더 신경 써 주면 좋겠습니다. 인센티브 복지 관련해서 만족스러운 편입니다. 분위기 소통 상사 동료 때문에 고민이 많습니다.,업무량·소진
R0025,ORG03,1,36,4.0,4.333,3.25,3.6,2.812,우리 회사의 인재개발에서 개선이 필요한 점은 무엇입니까?,비전 커리어 장기적에 대한 지원이 부족합니다.,경력·성장
R0026,ORG03,1,36,2.5,5.0,3.083,2.4,1.938,우리 회사의 인재개발에서 개선이 필요한 점은 무엇입니까?,"생각 차원에서 볼 때, 자격증 교육비 연수 학습 관련해서 만족스러운 편입니다.",교육·학습
R0027,ORG03,1,37,0.9,1.667,4.25,4.4,3.938,우리 회사의 인재개발에서 개선이 필요한 점은 무엇입니까?,역량개발 전문성 승진 직무전환 문제가 반복되고 있습니다. 교육비 실습 연수 측면은 잘 되어 있다고 봅니다.,경력·성장
R0028,ORG03,2,40,1.1,3.0,3.167,4.4,2.625,우리 회사의 인재개발에서 개선이 필요한 점은 무엇입니까?,평가 보상 문제가 반복되고 있습니다. 자기계발 역량개발 경력 부분에서 개선이 필요합니다.,보상·처우
R0030,ORG04,1,27,0.5,3.0,2.583,3.2,2.562,우리 회사의 인재개발에서 개선이 필요한 점은 무엇입니까?,"직원 차원에서 볼 때, 피드백 코칭 신뢰에 대한 지원이 부족합니다. 실습 스터디 학습 연수에 대한 지원이 부족합니다. 임금 승급 형평성 보상 문제가 반복되고 있습니다.",리더십·관계
R0031,ORG04,2,26,5.8,5.0,2.25,3.4,2.875,우리 회사의 인재개발에서 개선이 필요한 점은 무엇입니까?,보상 수당 측면은 잘 되어 있다고 봅니다. 콘텐츠 연수 학습시간이(가) 가장 큰 문제라고 생각합니다. 번아웃 과중 스트레스 휴식이(가) 가장 큰 문제라고 생각합니다.,보상·처우
R0032,ORG04,2,34,1.1,3.0,3.0,3.0,3.0,우리 회사의 인재개발에서 개선이 필요한 점은 무엇입니까?,장기적 경력경로 직무전환 관련해서 만족스러운 편입니다. 휴식 피로에 대한 지원이 부족합니다. 인센티브 복지 만족 처우 때문에 고민이 많습니다.,경력·성장
R0033,ORG04,2,27,1.7,3.667,2.75,2.4,3.312,우리 회사의 인재개발에서 개선이 필요한 점은 무엇입니까?,"구성원 차원에서 볼 때, 비전 자기계발 성장이(가) 가장 큰 문제라고 생각합니다. 회사가 실습 스터디 연수 콘텐츠에 더 신경 써 주면 좋겠습니다.",경력·성장
R0034,ORG04,2,37,0.4,2.667,2.917,2.6,3.062,우리 회사의 인재개발에서 개선이 필요한 점은 무엇입니까?,"직원 차원에서 볼 때, 비전 커리어 경력 때문에 고민이 많습니다. 동료 피드백에 대한 지원이 부족합니다.",경력·성장
R0035,ORG04,2,29,3.6,3.333,4.417,2.4,3.938,우리 회사의 인재개발에서 개선이 필요한 점은 무엇입니까?,커리어 성장에 대한 지원이 부족합니다. 협업 리더 때문에 고민이 많습니다.,경력·성장
R0037,ORG04,2,26,7.1,3.333,2.917,3.2,3.333,우리 회사의 인재개발에서 개선이 필요한 점은 무엇입니까?,"직원 차원에서 볼 때, 피드백 동료 코칭에 대한 지원이 부족합니다. 만족 형평성 때문에 고민이 많습니다.",리더십·관계
R0038,ORG04,2,40,2.9,2.333,3.917,3.4,3.467,우리 회사의 인재개발에서 개선이 필요한 점은 무엇입니까?,커리어 역량개발 전문성이(가) 가장 큰 문제라고 생각합니다.,경력·성장
R0039,ORG04,1,33,4.2,4.0,3.667,3.6,2.75,우리 회사의 인재개발에서 개선이 필요한 점은 무엇입니까?,"회사 차원에서 볼 때, 인력부족 번아웃 야근 일정 측면은 잘 되어 있다고 봅니다.",업무량·소진
R0040,ORG04,1,30,1.2,4.0,3.25,2.0,2.688,우리 회사의 인재개발에서 개선이 필요한 점은 무엇입니까?,임금 형평성 만족 복지 부분에서 개선이 필요합니다. 부담 여유 업무량 일정 문제가 반복되고 있습니다.,보상·처우
R0041,ORG04,1,28,1.6,3.667,2.167,3.4,2.625,우리 회사의 인재개발에서 개선이 필요한 점은 무엇입니까?,"조직 차원에서 볼 때, 미래 경력 측면은 잘 되어 있다고 봅니다. 스터디 온라인이(가) 가장 큰 문제라고 생각합니다.",경력·성장
R0042,ORG04,2,35,2.5,3.0,3.0,3.0,3.0,우리 회사의 인재개발에서 개선이 필요한 점은 무엇입니까?,연수 강의 실습 부분에서 개선이 필요합니다. 휴식 여유 야근 인력부족 때문에 고민이 많습니다.,교육·학습
R0043,ORG04,1,29,0.3,3.333,2.545,2.6,3.438,우리 회사의 인재개발에서 개선이 필요한 점은 무엇입니까?,없음,보상·처우
R0044,ORG04,2,39,9.5,4.0,4.25,1.8,2.938,우리 회사의 인재개발에서 개선이 필요한 점은 무엇입니까?,회사가 인력부족 휴식 번아웃에 더 신경 써 주면 좋겠습니다. 온라인 강의이(가) 가장 큰 문제라고 생각합니다.,업무량·소진
R0045,ORG05,2,36,1.5,4.333,3.0,2.6,3.188,우리 회사의 인재개발에서 개선이 필요한 점은 무엇입니까?,"부서 차원에서 볼 때, 처우 인센티브 수당 때문에 고민이 많습니다. 여유 번아웃 관련해서 만족스러운 편입니다. 교육비 연수 관련해서 만족스러운 편입니다.",보상·처우
R0046,ORG05,1,20,1.5,5.0,3.75,4.0,2.938,우리 회사의 인재개발에서 개선이 필요한 점은 무엇입니까?,"필요 차원에서 볼 때, 코칭 소통 팀장 리더이(가) 가장 큰 문제라고 생각합니다. 회사가 만족 평가 형평성에 더 신경 써 주면 좋겠습니다.",리더십·관계
R0047,ORG05,1,38,8.5,3.0,3.0,3.0,3.0,우리 회사의 인재개발에서 개선이 필요한 점은 무엇입니까?,관계 코칭 동료 존중에 대한 지원이 부족합니다.,리더십·관계
R0048,ORG05,2,31,3.9,3.333,3.364,2.8,3.812,우리 회사의 인재개발에서 개선이 필요한 점은 무엇입니까?,회사가 팀장 존중에 더 신경 써 주면 좋겠습니다. 일정 워라밸 여유 야근 문제가 반복되고 있습니다. 자격증 실습에 대한 지원이 부족합니다.,리더십·관계
R0049,ORG05,1,26,3.7,3.0,3.0,3.0,3.0,우리 회사의 인재개발에서 개선이 필요한 점은 무엇입니까?,과중 야근 측면은 잘 되어 있다고 봅니다. 콘텐츠 과정 교육비 학습시간 문제가 반복되고 있습니다.,업무량·소진
R0050,ORG05,1,28,0.5,3.0,2.182,2.8,3.188,우리 회사의 인재개발에서 개선이 필요한 점은 무엇입니까?,"회사 차원에서 볼 때, 인센티브 수당에 대한 지원이 부족합니다. 교육 실습 온라인 교육비에 대한 지원이 부족합니다. 스트레스 워라밸 인력부족 부담 때문에 고민이 많습니다.",보상·처우
R0051,ORG05,2,30,4.7,4.667,3.0,3.2,3.062,우리 회사의 인재개발에서 개선이 필요한 점은 무엇입니까?,"생각 차원에서 볼 때, 인센티브 만족 보상 측면은 잘 되어 있다고 봅니다. 업무량 부담 일정 부분에서 개선이 필요합니다.",보상·처우
R0052,ORG05,1,32,2.4,4.333,2.667,2.8,3.625,우리 회사의 인재개발에서 개선이 필요한 점은 무엇입니까?,온라인 자격증 강의 부분에서 개선이 필요합니다. 회사가 승급 복지 수당에 더 신경 써 주면 좋겠습니다.,교육·학습
R0053,ORG05,2,30,7.1,3.333,3.083,3.2,3.562,우리 회사의 인재개발에서 개선이 필요한 점은 무엇입니까?,"직원 차원에서 볼 때, 인력부족 피로 스트레스 때문에 고민이 많습니다. 직무전환 경력 측면은 잘 되어 있다고 봅니다.",업무량·소진
R0054,ORG05,2,24,9.5,3.0,3.0,3.0,3.0,우리 회사의 인재개발에서 개선이 필요한 점은 무엇입니까?,없음,교육·학습
R0055,ORG05,1,27,2.9,4.0,1.75,1.8,3.125,우리 회사의 인재개발에서 개선이 필요한 점은 무엇입니까?,처우 인센티브 측면은 잘 되어 있다고 봅니다. 업무량 부담 여유 워라밸이(가) 가장 큰 문제라고 생각합니다. 회사가 관계 팀장에 더 신경 써 주면 좋겠습니다.,보상·처우
R0056,ORG05,1,24,1.8,4.667,2.833,3.0,3.312,우리 회사의 인재개발에서 개선이 필요한 점은 무엇입니까?,휴식 업무량 야근에 대한 지원이 부족합니다. 형평성 임금 보상 처우 측면은 잘 되어 있다고 봅니다.,업무량·소진
R0057,ORG05,1,30,2.8,3.667,2.333,2.2,2.812,우리 회사의 인재개발에서 개선이 필요한 점은 무엇입니까?,,경력·성장
R0058,ORG05,2,34,3.3,4.0,2.667,3.0,2.625,우리 회사의 인재개발에서 개선이 필요한 점은 무엇입니까?,회사가 실습 강의 학습시간에 더 신경 써 주면 좋겠습니다. 인력부족 일정이(가) 가장 큰 문제라고 생각합니다.,교육·학습
R0059,ORG06,1,32,4.7,3.667,2.667,3.2,2.438,우리 회사의 인재개발에서 개선이 필요한 점은 무엇입니까?,업무량 일정 스트레스 부분에서 개선이 필요합니다. 임금 만족 공정 수당이(가) 가장 큰 문제라고 생각합니다.,업무량·소진
R0060,ORG06,2,28,2.8,2.667,2.333,2.0,2.875,우리 회사의 인재개발에서 개선이 필요한 점은 무엇입니까?,,보상·처우
R0061,ORG06,1,35,4.8,5.0,3.091,1.2,2.0,우리 회사의 인재개발에서 개선이 필요한 점은 무엇입니까?,교육비 학습 관련해서 만족스러운 편입니다. 과중 일정이(가) 가장 큰 문제라고 생각합니다.,교육·학습
R0062,ORG06,2,26,2.4,4.0,2.417,2.0,2.5,우리 회사의 인재개발에서 개선이 필요한 점은 무엇입니까?,,보상·처우
R0063,ORG06,2,23,1.3,3.333,2.5,2.8,4.0,우리 회사의 인재개발에서 개선이 필요한 점은 무엇입니까?,평가 처우 형평성 인센티브 때문에 고민이 많습니다. 커리어 비전 경력 관련해서 만족스러운 편입니다.,보상·처우
R0064,ORG06,2,31,1.2,5.0,3.167,4.0,3.125,우리 회사의 인재개발에서 개선이 필요한 점은 무엇입니까?,부담 휴식 야근에 대한 지원이 부족합니다. 처우 공정 평가 보상 측면은 잘 되어 있다고 봅니다. 학습시간 연수 강의 실습 부분에서 개선이 필요합니다.,업무량·소진
R0065,ORG06,2,33,2.4,3.0,3.0,3.0,3.0,우리 회사의 인재개발에서 개선이 필요한 점은 무엇입니까?,"생각 차원에서 볼 때, 스터디 콘텐츠 교육비 관련해서 만족스러운 편입니다. 보상 공정 임금 연봉이(가) 가장 큰 문제라고 생각합니다.",교육·학습
R0066,ORG06,2,21,3.8,4.333,3.333,2.8,3.75,우리 회사의 인재개발에서 개선이 필요한 점은 무엇입니까?,,업무량·소진
R0067,ORG06,1,36,3.9,3.667,3.583,2.4,4.062,우리 회사의 인재개발에서 개선이 필요한 점은 무엇입니까?,없음,경력·성장
R0068,ORG07,1,29,0.6,3.0,2.167,2.4,3.062,우리 회사의 인재개발에서 개선이 필요한 점은 무엇입니까?,,업무량·소진
R0069,ORG07,2,26,5.5,4.0,2.667,4.2,3.812,우리 회사의 인재개발에서 개선이 필요한 점은 무엇입니까?,전문성 성장 커리어 경력경로에 대한 지원이 부족합니다. 콘텐츠 온라인 강의 과정이(가) 가장 큰 문제라고 생각합니다.,경력·성장
R0070,ORG07,1,36,7.4,3.0,3.0,3.0,3.0,우리 회사의 인재개발에서 개선이 필요한 점은 무엇입니까?,야근 업무량 과중 일정 때문에 고민이 많습니다. 분위기 상사 코칭 신뢰 측면은 잘 되어 있다고 봅니다.,업무량·소진
R0071,ORG07,2,30,2.5,3.0,3.083,2.6,3.0,우리 회사의 인재개발에서 개선이 필요한 점은 무엇입니까?,"우리 차원에서 볼 때, 부담 야근 워라밸 부분에서 개선이 필요합니다.",업무량·소진
R0072,ORG07,2,27,2.5,3.0,3.0,3.0,3.0,우리 회사의 인재개발에서 개선이 필요한 점은 무엇입니까?,코칭 팀장 동료 소통이(가) 가장 큰 문제라고 생각합니다. 학습시간 교육비 콘텐츠 연수이(가) 가장 큰 문제라고 생각합니다.,리더십·관계
R0073,ORG07,1,40,1.1,3.0,3.0,3.0,3.0,우리 회사의 인재개발에서 개선이 필요한 점은 무엇입니까?,"요즘 차원에서 볼 때, 공정 승급이(가) 가장 큰 문제라고 생각합니다. 전문성 비전이(가) 가장 큰 문제라고 생각합니다.",보상·처우
R0074,ORG07,1,33,2.8,2.333,4.333,3.6,3.812,우리 회사의 인재개발에서 개선이 필요한 점은 무엇입니까?,미래 경력 비전 문제가 반복되고 있습니다. 연수 자격증 강의 과정 관련해서 만족스러운 편입니다.,경력·성장
R0075,ORG07,2,27,8.2,4.0,4.75,3.6,3.625,우리 회사의 인재개발에서 개선이 필요한 점은 무엇입니까?,,보상·처우
R0077,ORG08,1,31,1.9,3.0,3.0,3.0,3.0,우리 회사의 인재개발에서 개선이 필요한 점은 무엇입니까?,"필요 차원에서 볼 때, 온라인 자격증 교육 때문에 고민이 많습니다. 경력 직무전환 미래 관련해서 만족스러운 편입니다.",교육·학습
R0078,ORG08,1,30,4.8,2.333,3.583,2.6,3.625,우리 회사의 인재개발에서 개선이 필요한 점은 무엇입니까?,"필요 차원에서 볼 때, 존중 신뢰 소통 상사 때문에 고민이 많습니다. 학습 학습시간 강의 측면은 잘 되어 있다고 봅니다. 스트레스 여유 워라밸 때문에 고민이 많습니다.",리더십·관계
R0080,ORG08,2,27,4.3,3.667,1.833,2.4,3.0,우리 회사의 인재개발에서 개선이 필요한 점은 무엇입니까?,관계 피드백 코칭 소통 문제가 반복되고 있습니다. 피로 야근 여유 인력부족 측면은 잘 되어 있다고 봅니다.,리더십·관계
R0081,ORG08,2,32,0.7,2.333,1.417,1.6,2.938,우리 회사의 인재개발에서 개선이 필요한 점은 무엇입니까?,없음,리더십·관계
R0082,ORG09,1,32,6.5,3.0,3.0,3.0,3.0,우리 회사의 인재개발에서 개선이 필요한 점은 무엇입니까?,"조직 차원에서 볼 때, 분위기 상사 동료 팀장 때문에 고민이 많습니다.",리더십·관계
R0083,ORG09,2,35,5.1,3.0,3.167,4.0,3.688,우리 회사의 인재개발에서 개선이 필요한 점은 무엇입니까?,"요즘 차원에서 볼 때, 연수 과정 교육 실습 관련해서 만족스러운 편입니다.",교육·학습
R0084,ORG09,1,34,5.0,4.0,4.0,4.0,4.0,우리 회사의 인재개발에서 개선이 필요한 점은 무엇입니까?,없음,보상·처우
R0085,ORG09,1,31,2.5,4.333,3.75,4.4,2.938,우리 회사의 인재개발에서 개선이 필요한 점은 무엇입니까?,없음,보상·처우
R0086,ORG09,1,43,1.3,1.667,4.083,3.6,4.125,우리 회사의 인재개발에서 개선이 필요한 점은 무엇입니까?,미래 직무전환 문제가 반복되고 있습니다. 상사 신뢰 소통 동료에 대한 지원이 부족합니다.,경력·성장
R0087,ORG09,1,26,3.9,4.0,3.083,3.4,2.625,우리 회사의 인재개발에서 개선이 필요한 점은 무엇입니까?,업무량 워라밸 문제가 반복되고 있습니다.,업무량·소진
R0088,ORG09,1,30,0.9,3.0,4.083,3.8,3.25,우리 회사의 인재개발에서 개선이 필요한 점은 무엇입니까?,,교육·학습
R0089,ORG09,1,27,0.8,3.0,2.333,4.6,4.125,우리 회사의 인재개발에서 개선이 필요한 점은 무엇입니까?,,교육·학습
R0090,ORG10,1,32,2.9,3.333,3.0,2.2,3.438,우리 회사의 인재개발에서 개선이 필요한 점은 무엇입니까?,공정 평가이(가) 가장 큰 문제라고 생각합니다. 회사가 부담 인력부족에 더 신경 써 주면 좋겠습니다.,보상·처우
R0091,ORG10,1,36,5.5,4.0,2.25,3.2,2.438,우리 회사의 인재개발에서 개선이 필요한 점은 무엇입니까?,"구성원 차원에서 볼 때, 스터디 자격증 연수 실습 때문에 고민이 많습니다. 피로 워라밸 스트레스에 대한 지원이 부족합니다.",교육·학습
R0092,ORG10,1,23,0.9,2.667,2.833,2.0,3.375,우리 회사의 인재개발에서 개선이 필요한 점은 무엇입니까?,"우리 차원에서 볼 때, 임금 처우 평가 관련해서 만족스러운 편입니다. 실습 과정 온라인 때문에 고민이 많습니다. 소통 코칭에 대한 지원이 부족합니다.",보상·처우
R0093,ORG10,2,26,3.2,3.333,2.5,2.8,3.562,우리 회사의 인재개발에서 개선이 필요한 점은 무엇입니까?,직무전환 역량개발 커리어 미래 문제가 반복되고 있습니다.,경력·성장
R0094,ORG10,1,32,1.9,3.333,2.25,3.4,2.375,우리 회사의 인재개발에서 개선이 필요한 점은 무엇입니까?,"생각 차원에서 볼 때, 신뢰 리더 때문에 고민이 많습니다.",리더십·관계
R0095,ORG10,1,30,6.1,4.667,3.167,3.2,3.812,우리 회사의 인재개발에서 개선이 필요한 점은 무엇입니까?,처우 형평성 문제가 반복되고 있습니다.,보상·처우
R0096,ORG10,1,32,5.8,3.0,2.667,2.2,2.5,우리 회사의 인재개발에서 개선이 필요한 점은 무엇입니까?,"필요 차원에서 볼 때, 경력 성장 전문성 관련해서 만족스러운 편입니다. 승급 복지 문제가 반복되고 있습니다.",경력·성장
R0097,ORG10,2,24,4.1,2.667,2.5,3.4,3.375,우리 회사의 인재개발에서 개선이 필요한 점은 무엇입니까?,콘텐츠 강의 학습시간 관련해서 만족스러운 편입니다. 야근 업무량 워라밸 여유에 대한 지원이 부족합니다.,교육·학습
R0098,ORG10,1,34,11.0,2.333,1.75,2.4,3.125,우리 회사의 인재개발에서 개선이 필요한 점은 무엇입니까?,신뢰 상사 동료 측면은 잘 되어 있다고 봅니다.,리더십·관계
R0100,ORG11,2,31,5.2,1.333,3.75,4.2,3.438,우리 회사의 인재개발에서 개선이 필요한 점은 무엇입니까?,성장 승진 전문성이(가) 가장 큰 문제라고 생각합니다.,경력·성장
R0101,ORG11,1,39,2.0,4.0,3.25,3.0,2.188,우리 회사의 인재개발에서 개선이 필요한 점은 무엇입니까?,콘텐츠 과정 교육비 학습시간 관련해서 만족스러운 편입니다.,교육·학습
R0102,ORG11,1,23,2.0,4.333,2.917,2.6,1.875,우리 회사의 인재개발에서 개선이 필요한 점은 무엇입니까?,연봉 수당 공정 인센티브 문제가 반복되고 있습니다.,보상·처우
R0103,ORG11,2,36,1.3,2.333,2.583,3.4,2.688,우리 회사의 인재개발에서 개선이 필요한 점은 무엇입니까?,공정 승급 평가 만족 부분에서 개선이 필요합니다.,보상·처우
R0104,ORG11,1,21,0.4,3.333,3.083,2.8,3.375,우리 회사의 인재개발에서 개선이 필요한 점은 무엇입니까?,실습 연수 때문에 고민이 많습니다.,교육·학습
R0105,ORG11,2,27,2.1,4.667,3.083,3.2,3.125,우리 회사의 인재개발에서 개선이 필요한 점은 무엇입니까?,번아웃 휴식 스트레스 문제가 반복되고 있습니다. 실습 콘텐츠 과정 교육 때문에 고민이 많습니다. 경력 커리어 성장 측면은 잘 되어 있다고 봅니다.,업무량·소진
R0106,ORG11,2,36,0.2,3.0,2.917,3.0,2.875,우리 회사의 인재개발에서 개선이 필요한 점은 무엇입니까?,없음,교육·학습
R0107,ORG11,2,24,6.4,1.667,3.333,3.8,4.188,우리 회사의 인재개발에서 개선이 필요한 점은 무엇입니까?,승급 만족 공정 형평성 측면은 잘 되어 있다고 봅니다.,보상·처우
R0108,ORG11,1,34,3.5,3.333,3.333,2.6,3.25,우리 회사의 인재개발에서 개선이 필요한 점은 무엇입니까?,휴식 여유 스트레스 부담 부분에서 개선이 필요합니다. 회사가 신뢰 코칭 팀장 협업에 더 신경 써 주면 좋겠습니다.,업무량·소진
R0109,ORG11,2,26,0.3,3.0,3.25,3.0,2.938,우리 회사의 인재개발에서 개선이 필요한 점은 무엇입니까?,"구성원 차원에서 볼 때, 회사가 수당 처우에 더 신경 써 주면 좋겠습니다. 상사 분위기 동료 코칭 부분에서 개선이 필요합니다.",보상·처우
R0110,ORG11,1,31,3.5,3.333,3.0,3.0,3.938,우리 회사의 인재개발에서 개선이 필요한 점은 무엇입니까?,"우리 차원에서 볼 때, 과정 강의 측면은 잘 되어 있다고 봅니다. 피로 여유 측면은 잘 되어 있다고 봅니다.",교육·학습
R0111,ORG11,2,24,4.1,3.0,3.0,3.0,3.0,우리 회사의 인재개발에서 개선이 필요한 점은 무엇입니까?,"구성원 차원에서 볼 때, 학습 스터디 연수 문제가 반복되고 있습니다.",교육·학습
R0112,ORG11,2,26,1.4,4.0,3.583,3.4,4.25,우리 회사의 인재개발에서 개선이 필요한 점은 무엇입니까?,"조직 차원에서 볼 때, 자격증 실습 학습시간 콘텐츠 관련해서 만족스러운 편입니다. 평가 보상 때문에 고민이 많습니다.",교육·학습
R0113,ORG11,1,24,2.3,4.0,3.167,2.6,2.812,우리 회사의 인재개발에서 개선이 필요한 점은 무엇입니까?,"구성원 차원에서 볼 때, 존중 분위기 협업 부분에서 개선이 필요합니다. 실습 스터디 교육비이(가) 가장 큰 문제라고 생각합니다. 수당 인센티브 형평성 만족 부분에서 개선이 필요합니다.",리더십·관계
R0114,ORG11,2,21,2.6,3.0,3.833,3.4,3.188,우리 회사의 인재개발에서 개선이 필요한 점은 무엇입니까?,연수 교육비 학습 때문에 고민이 많습니다.,교육·학습
R0115,ORG12,1,31,1.5,2.667,2.417,3.6,3.375,우리 회사의 인재개발에서 개선이 필요한 점은 무엇입니까?,수당 보상 때문에 고민이 많습니다. 팀장 코칭 피드백 상사 때문에 고민이 많습니다.,보상·처우
R0116,ORG12,1,26,11.9,3.0,3.167,3.0,3.25,우리 회사의 인재개발에서 개선이 필요한 점은 무엇입니까?,회사가 자격증 연수 스터디 강의에 더 신경 써 주면 좋겠습니다. 인센티브 수당 때문에 고민이 많습니다.,교육·학습
R0117,ORG12,2,24,2.7,3.0,3.0,3.0,3.0,우리 회사의 인재개발에서 개선이 필요한 점은 무엇입니까?,자기계발 미래 측면은 잘 되어 있다고 봅니다. 회사가 과중 여유 번아웃에 더 신경 써 주면 좋겠습니다.,경력·성장
R0118,ORG12,2,33,3.5,2.333,3.583,3.4,2.875,우리 회사의 인재개발에서 개선이 필요한 점은 무엇입니까?,상사 팀장 존중 분위기 부분에서 개선이 필요합니다.,리더십·관계
R0119,ORG12,2,29,2.1,3.333,3.583,2.0,2.562,우리 회사의 인재개발에서 개선이 필요한 점은 무엇입니까?,임금 수당 관련해서 만족스러운 편입니다. 인력부족 휴식 야근 관련해서 만족스러운 편입니다. 회사가 신뢰 동료 존중에 더 신경 써 주면 좋겠습니다.,보상·처우
R0120,ORG12,1,29,2.6,3.333,2.917,2.8,3.5,우리 회사의 인재개발에서 개선이 필요한 점은 무엇입니까?,연수 교육비에 대한 지원이 부족합니다. 리더 신뢰 피드백 관계 때문에 고민이 많습니다.,교육·학습
R0121,ORG12,2,25,0.7,3.0,2.75,3.8,2.688,우리 회사의 인재개발에서 개선이 필요한 점은 무엇입니까?,"부서 차원에서 볼 때, 장기적 승진 부분에서 개선이 필요합니다. 콘텐츠 강의 학습 자격증이(가) 가장 큰 문제라고 생각합니다.",경력·성장
R0122,ORG12,2,38,2.5,2.333,3.333,2.6,3.375,우리 회사의 인재개발에서 개선이 필요한 점은 무엇입니까?,"구성원 차원에서 볼 때, 존중 상사 부분에서 개선이 필요합니다. 일정 피로 과중 워라밸 때문에 고민이 많습니다.",리더십·관계
R0123,ORG12,1,39,6.3,4.0,3.917,4.0,4.0,우리 회사의 인재개발에서 개선이 필요한 점은 무엇입니까?,휴식 일정 워라밸 업무량 관련해서 만족스러운 편입니다. 자기계발 역량개발 승진에 대한 지원이 부족합니다.,업무량·소진
R0124,ORG12,2,34,6.0,3.333,3.75,4.0,3.25,우리 회사의 인재개발에서 개선이 필요한 점은 무엇입니까?,,업무량·소진
R0125,ORG13,2,34,3.8,4.0,4.0,1.6,3.875,우리 회사의 인재개발에서 개선이 필요한 점은 무엇입니까?,"조직 차원에서 볼 때, 공정 보상 승급 복지 문제가 반복되고 있습니다.",보상·처우
R0126,ORG13,2,32,12.9,5.0,3.583,2.6,2.875,우리 회사의 인재개발에서 개선이 필요한 점은 무엇입니까?,소통 협업 존중 부분에서 개선이 필요합니다. 야근 부담 피로 관련해서 만족스러운 편입니다.,리더십·관계
R0127,ORG13,1,38,4.6,2.667,2.333,1.8,3.438,우리 회사의 인재개발에서 개선이 필요한 점은 무엇입니까?,"생각 차원에서 볼 때, 자격증 교육비 학습시간 강의 부분에서 개선이 필요합니다. 인센티브 평가이(가) 가장 큰 문제라고 생각합니다.",교육·학습
R0128,ORG13,2,35,5.3,3.0,3.667,1.6,3.188,우리 회사의 인재개발에서 개선이 필요한 점은 무엇입니까?,"요즘 차원에서 볼 때, 팀장 협업 피드백 리더 문제가 반복되고 있습니다. 회사가 연봉 만족 공정에 더 신경 써 주면 좋겠습니다.",리더십·관계
R0129,ORG13,2,36,1.8,2.333,3.167,2.0,3.688,우리 회사의 인재개발에서 개선이 필요한 점은 무엇입니까?,야근 인력부족 피로 업무량 문제가 반복되고 있습니다. 공정 복지 임금 평가에 대한 지원이 부족합니다.,업무량·소진
R0130,ORG13,2,30,4.3,3.333,2.75,3.0,2.875,우리 회사의 인재개발에서 개선이 필요한 점은 무엇입니까?,"직원 차원에서 볼 때, 학습 교육 스터디 때문에 고민이 많습니다.",교육·학습
R0131,ORG13,2,28,2.3,3.667,3.583,2.4,3.688,우리 회사의 인재개발에서 개선이 필요한 점은 무엇입니까?,"우리 차원에서 볼 때, 피드백 신뢰 존중이(가) 가장 큰 문제라고 생각합니다.",리더십·관계
R0132,ORG13,1,39,5.8,3.333,3.417,4.2,3.25,우리 회사의 인재개발에서 개선이 필요한 점은 무엇입니까?,"우리 차원에서 볼 때, 스트레스 일정 워라밸이(가) 가장 큰 문제라고 생각합니다. 스터디 실습 교육비에 대한 지원이 부족합니다. 회사가 팀장 코칭에 더 신경 써 주면 좋겠습니다.",업무량·소진
R0133,ORG14,2,39,5.7,3.0,3.25,2.8,2.625,우리 회사의 인재개발에서 개선이 필요한 점은 무엇입니까?,"부서 차원에서 볼 때, 인센티브 만족 관련해서 만족스러운 편입니다.",보상·처우
R0134,ORG14,1,39,2.6,2.667,3.417,2.4,2.625,우리 회사의 인재개발에서 개선이 필요한 점은 무엇입니까?,"요즘 차원에서 볼 때, 장기적 전문성 부분에서 개선이 필요합니다. 코칭 신뢰 측면은 잘 되어 있다고 봅니다.",경력·성장
R0136,ORG14,1,31,2.1,4.333,3.833,2.0,3.875,우리 회사의 인재개발에서 개선이 필요한 점은 무엇입니까?,"직원 차원에서 볼 때, 신뢰 협업에 대한 지원이 부족합니다.",리더십·관계
R0138,ORG14,2,38,0.7,3.667,2.333,2.0,3.188,우리 회사의 인재개발에서 개선이 필요한 점은 무엇입니까?,부담 번아웃에 대한 지원이 부족합니다. 전문성 승진 경력경로 미래 문제가 반복되고 있습니다.,업무량·소진
R0139,ORG14,1,26,1.7,3.333,2.417,2.8,2.188,우리 회사의 인재개발에서 개선이 필요한 점은 무엇입니까?,"필요 차원에서 볼 때, 존중 동료 관계 문제가 반복되고 있습니다. 스트레스 업무량 피로 워라밸 관련해서 만족스러운 편입니다. 평가 수당 만족 문제가 반복되고 있습니다.",리더십·관계
R0141,ORG14,2,21,1.0,3.0,3.0,3.0,3.0,우리 회사의 인재개발에서 개선이 필요한 점은 무엇입니까?,피로 인력부족 부담 번아웃이(가) 가장 큰 문제라고 생각합니다.,업무량·소진
R0142,ORG14,2,32,5.0,4.0,2.083,1.6,1.875,우리 회사의 인재개발에서 개선이 필요한 점은 무엇입니까?,"조직 차원에서 볼 때, 성장 미래에 대한 지원이 부족합니다. 만족 임금에 대한 지원이 부족합니다.",경력·성장
R0143,ORG14,2,25,4.1,2.0,2.455,3.6,3.067,우리 회사의 인재개발에서 개선이 필요한 점은 무엇입니까?,,보상·처우
R0144,ORG14,1,23,6.1,3.0,2.667,3.0,3.5,우리 회사의 인재개발에서 개선이 필요한 점은 무엇입니까?,관계 리더 코칭 피드백 때문에 고민이 많습니다. 온라인 학습시간 과정 관련해서 만족스러운 편입니다.,리더십·관계
R0145,ORG14,2,35,8.6,5.0,2.333,3.8,1.938,우리 회사의 인재개발에서 개선이 필요한 점은 무엇입니까?,인력부족 과중 업무량 일정 부분에서 개선이 필요합니다.,업무량·소진
R0146,ORG15,2,29,2.7,2.0,4.417,4.6,3.562,우리 회사의 인재개발에서 개선이 필요한 점은 무엇입니까?,성장 승진 부분에서 개선이 필요합니다. 부담 과중 때문에 고민이 많습니다.,경력·성장
R0147,ORG15,1,27,2.4,1.0,4.25,4.8,4.25,우리 회사의 인재개발에서 개선이 필요한 점은 무엇입니까?,"생각 차원에서 볼 때, 상사 분위기 때문에 고민이 많습니다. 자격증 연수 실습 스터디 부분에서 개선이 필요합니다. 비전 커리어이(가) 가장 큰 문제라고 생각합니다.",리더십·관계
R0148,ORG15,1,35,3.7,2.333,3.545,3.6,4.062,우리 회사의 인재개발에서 개선이 필요한 점은 무엇입니까?,,경력·성장
R0149,ORG15,2,28,1.9,1.0,3.083,3.8,3.375,우리 회사의 인재개발에서 개선이 필요한 점은 무엇입니까?,온라인 과정 연수 관련해서 만족스러운 편입니다. 협업 존중 분위기 동료 부분에서 개선이 필요합니다.,교육·학습
R0150,ORG15,2,40,3.2,3.667,4.167,3.6,3.286,우리 회사의 인재개발에서 개선이 필요한 점은 무엇입니까?,자기계발 승진 미래에 대한 지원이 부족합니다.,경력·성장
R0151,ORG15,1,30,1.9,2.333,3.667,4.2,3.062,우리 회사의 인재개발에서 개선이 필요한 점은 무엇입니까?,"부서 차원에서 볼 때, 워라밸 과중 여유에 대한 지원이 부족합니다.",업무량·소진
R0152,ORG15,2,33,5.0,3.667,2.25,4.4,2.625,우리 회사의 인재개발에서 개선이 필요한 점은 무엇입니까?,"구성원 차원에서 볼 때, 수당 형평성 공정 부분에서 개선이 필요합니다. 전문성 역량개발 장기적 성장에 대한 지원이 부족합니다.",보상·처우
R0153,ORG15,2,32,1.4,2.333,2.417,3.6,3.438,우리 회사의 인재개발에서 개선이 필요한 점은 무엇입니까?,"생각 차원에서 볼 때, 연봉 보상 형평성 문제가 반복되고 있습니다. 직무전환 비전 승진 커리어 측면은 잘 되어 있다고 봅니다. 관계 피드백 팀장 관련해서 만족스러운 편입니다.",보상·처우
R0154,ORG15,2,25,2.1,2.0,2.75,4.0,2.938,우리 회사의 인재개발에서 개선이 필요한 점은 무엇입니까?,존중 분위기 협업 팀장이(가) 가장 큰 문제라고 생각합니다.,리더십·관계
R0155,ORG15,1,30,0.6,2.333,3.833,3.6,3.75,우리 회사의 인재개발에서 개선이 필요한 점은 무엇입니까?,없음,보상·처우
R0156,ORG15,1,38,0.2,2.0,3.0,3.2,3.375,우리 회사의 인재개발에서 개선이 필요한 점은 무엇입니까?,"현재 차원에서 볼 때, 자격증 온라인 문제가 반복되고 있습니다. 회사가 야근 일정 워라밸에 더 신경 써 주면 좋겠습니다.",교육·학습
R0157,ORG15,1,35,6.9,3.0,3.833,3.8,3.688,우리 회사의 인재개발에서 개선이 필요한 점은 무엇입니까?,회사가 실습 자격증에 더 신경 써 주면 좋겠습니다. 성장 전문성 직무전환 승진 문제가 반복되고 있습니다. 휴식 번아웃 스트레스이(가) 가장 큰 문제라고 생각합니다.,교육·학습
R0159,ORG16,1,27,6.4,3.667,3.833,4.0,3.562,우리 회사의 인재개발에서 개선이 필요한 점은 무엇입니까?,일정 부담 여유 부분에서 개선이 필요합니다. 연수 스터디 실습 강의이(가) 가장 큰 문제라고 생각합니다.,업무량·소진
R0161,ORG16,2,32,7.4,4.0,2.667,2.8,3.0,우리 회사의 인재개발에서 개선이 필요한 점은 무엇입니까?,"요즘 차원에서 볼 때, 복지 평가 부분에서 개선이 필요합니다. 인력부족 워라밸 부분에서 개선이 필요합니다.",보상·처우
R0162,ORG16,2,38,7.0,3.333,3.583,4.4,4.438,우리 회사의 인재개발에서 개선이 필요한 점은 무엇입니까?,비전 직무전환 관련해서 만족스러운 편입니다.,경력·성장
R0163,ORG16,1,31,2.9,3.333,2.667,2.6,4.062,우리 회사의 인재개발에서 개선이 필요한 점은 무엇입니까?,"조직 차원에서 볼 때, 커리어 자기계발 측면은 잘 되어 있다고 봅니다.",경력·성장
R0164,ORG16,1,32,0.5,3.333,3.167,3.4,2.688,우리 회사의 인재개발에서 개선이 필요한 점은 무엇입니까?,교육비 온라인에 대한 지원이 부족합니다.,교육·학습
R0165,ORG16,1,29,1.7,3.0,3.0,3.0,3.0,우리 회사의 인재개발에서 개선이 필요한 점은 무엇입니까?,신뢰 코칭 피드백에 대한 지원이 부족합니다.,리더십·관계
R0166,ORG16,2,36,3.7,3.667,3.333,3.4,3.188,우리 회사의 인재개발에서 개선이 필요한 점은 무엇입니까?,"현재 차원에서 볼 때, 교육비 과정이(가) 가장 큰 문제라고 생각합니다. 보상 인센티브 복지 연봉 측면은 잘 되어 있다고 봅니다. 커리어 전문성 부분에서 개선이 필요합니다.",교육·학습
R0167,ORG16,2,39,2.4,1.0,3.417,5.0,2.625,우리 회사의 인재개발에서 개선이 필요한 점은 무엇입니까?,"우리 차원에서 볼 때, 회사가 자격증 학습 연수에 더 신경 써 주면 좋겠습니다. 커리어 승진 장기적 문제가 반복되고 있습니다.",교육·학습
R0168,ORG16,2,26,10.5,2.0,4.583,5.0,4.25,우리 회사의 인재개발에서 개선이 필요한 점은 무엇입니까?,분위기 신뢰 팀장이(가) 가장 큰 문제라고 생각합니다.,리더십·관계
R0169,ORG16,2,34,4.4,3.667,3.167,2.6,3.375,우리 회사의 인재개발에서 개선이 필요한 점은 무엇입니까?,"요즘 차원에서 볼 때, 복지 승급 보상 부분에서 개선이 필요합니다.",보상·처우
R0170,ORG16,2,32,1.8,2.0,3.5,4.0,3.5,우리 회사의 인재개발에서 개선이 필요한 점은 무엇입니까?,존중 협업 피드백 측면은 잘 되어 있다고 봅니다.,리더십·관계
R0171,ORG16,2,33,3.1,4.0,2.583,4.6,3.188,우리 회사의 인재개발에서 개선이 필요한 점은 무엇입니까?,교육 강의이(가) 가장 큰 문제라고 생각합니다. 복지 승급 처우 공정에 대한 지원이 부족합니다. 승진 성장 자기계발 문제가 반복되고 있습니다.,교육·학습
R0172,ORG17,1,35,2.1,2.667,2.5,1.6,3.938,우리 회사의 인재개발에서 개선이 필요한 점은 무엇입니까?,온라인 학습 교육 때문에 고민이 많습니다. 자기계발 승진 비전 커리어 측면은 잘 되어 있다고 봅니다.,교육·학습
R0173,ORG17,2,35,0.6,3.0,4.167,1.6,3.5,우리 회사의 인재개발에서 개선이 필요한 점은 무엇입니까?,"회사 차원에서 볼 때, 자기계발 커리어 문제가 반복되고 있습니다. 수당 연봉 보상에 대한 지원이 부족합니다.",경력·성장
R0175,ORG17,1,32,0.2,2.667,3.583,2.0,3.312,우리 회사의 인재개발에서 개선이 필요한 점은 무엇입니까?,없음,경력·성장
R0176,ORG17,2,28,0.6,2.667,3.833,1.2,3.625,우리 회사의 인재개발에서 개선이 필요한 점은 무엇입니까?,"생각 차원에서 볼 때, 회사가 미래 장기적 경력경로에 더 신경 써 주면 좋겠습니다. 상사 동료 분위기 신뢰 문제가 반복되고 있습니다.",경력·성장
R0177,ORG17,2,22,3.0,3.0,3.3,1.8,3.25,우리 회사의 인재개발에서 개선이 필요한 점은 무엇입니까?,온라인 자격증 연수 문제가 반복되고 있습니다. 회사가 승진 성장에 더 신경 써 주면 좋겠습니다.,교육·학습
R0178,ORG17,2,30,2.4,3.0,2.667,3.2,3.062,우리 회사의 인재개발에서 개선이 필요한 점은 무엇입니까?,처우 보상 평가 인센티브 때문에 고민이 많습니다. 동료 관계 때문에 고민이 많습니다.,보상·처우
R0180,ORG18,2,28,10.6,5.0,2.583,2.2,2.375,우리 회사의 인재개발에서 개선이 필요한 점은 무엇입니까?,복지 수당 보상 문제가 반복되고 있습니다.,보상·처우
R0181,ORG18,1,27,6.8,4.333,2.667,4.0,3.188,우리 회사의 인재개발에서 개선이 필요한 점은 무엇입니까?,"부서 차원에서 볼 때, 번아웃 스트레스이(가) 가장 큰 문제라고 생각합니다. 역량개발 경력에 대한 지원이 부족합니다.",업무량·소진
R0183,ORG18,1,32,3.3,4.667,2.833,3.0,2.812,우리 회사의 인재개발에서 개선이 필요한 점은 무엇입니까?,실습 과정 학습시간 때문에 고민이 많습니다. 수당 복지에 대한 지원이 부족합니다.,교육·학습
R0184,ORG18,1,34,3.6,4.0,3.333,4.0,2.688,우리 회사의 인재개발에서 개선이 필요한 점은 무엇입니까?,,업무량·소진
R0185,ORG18,2,37,2.6,4.0,4.0,4.0,4.0,우리 회사의 인재개발에서 개선이 필요한 점은 무엇입니까?,,업무량·소진
R0186,ORG18,2,31,3.5,3.333,3.917,3.6,3.062,우리 회사의 인재개발에서 개선이 필요한 점은 무엇입니까?,교육비 과정 교육에 대한 지원이 부족합니다. 동료 피드백이(가) 가장 큰 문제라고 생각합니다.,교육·학습
R0187,ORG18,2,27,0.1,5.0,2.917,3.8,2.25,우리 회사의 인재개발에서 개선이 필요한 점은 무엇입니까?,"현재 차원에서 볼 때, 인센티브 연봉 처우 부분에서 개선이 필요합니다. 회사가 번아웃 과중에 더 신경 써 주면 좋겠습니다.",보상·처우
R0188,ORG18,2,28,2.7,3.0,4.083,3.2,3.625,우리 회사의 인재개발에서 개선이 필요한 점은 무엇입니까?,직무전환 자기계발 성장 역량개발 측면은 잘 되어 있다고 봅니다. 회사가 번아웃 여유 피로 부담에 더 신경 써 주면 좋겠습니다.,경력·성장
R0189,ORG18,1,27,0.5,3.667,3.083,3.2,2.938,우리 회사의 인재개발에서 개선이 필요한 점은 무엇입니까?,콘텐츠 교육 부분에서 개선이 필요합니다. 야근 번아웃 과중이(가) 가장 큰 문제라고 생각합니다. 미래 비전이(가) 가장 큰 문제라고 생각합니다.,교육·학습
R0190,ORG18,1,31,8.4,4.333,3.167,3.2,3.062,우리 회사의 인재개발에서 개선이 필요한 점은 무엇입니까?,과중 휴식 부담 번아웃 문제가 반복되고 있습니다. 실습 교육비 관련해서 만족스러운 편입니다.,업무량·소진
R0191,ORG18,1,30,0.2,3.333,3.833,2.8,3.312,우리 회사의 인재개발에서 개선이 필요한 점은 무엇입니까?,만족 복지 측면은 잘 되어 있다고 봅니다. 회사가 경력경로 장기적에 더 신경 써 주면 좋겠습니다.,보상·처우
R0192,ORG19,1,35,3.2,3.0,2.167,2.6,1.875,우리 회사의 인재개발에서 개선이 필요한 점은 무엇입니까?,직무전환 비전 성장 역량개발 때문에 고민이 많습니다. 회사가 워라밸 과중 휴식에 더 신경 써 주면 좋겠습니다.,경력·성장
R0193,ORG19,2,28,2.2,2.333,3.667,2.5,3.0,우리 회사의 인재개발에서 개선이 필요한 점은 무엇입니까?,회사가 분위기 존중 팀장에 더 신경 써 주면 좋겠습니다. 과정 실습 때문에 고민이 많습니다.,리더십·관계
R0194,ORG19,1,29,4.1,2.333,3.583,2.4,3.312,우리 회사의 인재개발에서 개선이 필요한 점은 무엇입니까?,회사가 자격증 과정에 더 신경 써 주면 좋겠습니다. 피드백 동료 코칭에 대한 지원이 부족합니다. 여유 업무량에 대한 지원이 부족합니다.,교육·학습
R0195,ORG19,2,26,5.2,4.0,3.75,1.6,3.533,우리 회사의 인재개발에서 개선이 필요한 점은 무엇입니까?,"생각 차원에서 볼 때, 코칭 리더 존중 동료 때문에 고민이 많습니다.",리더십·관계
R0196,ORG19,2,32,5.4,2.333,3.417,2.6,3.062,우리 회사의 인재개발에서 개선이 필요한 점은 무엇입니까?,강의 온라인 학습 연수 관련해서 만족스러운 편입니다. 평가 인센티브 만족 보상 관련해서 만족스러운 편입니다.,교육·학습
R0197,ORG19,1,31,3.1,3.667,3.5,3.0,4.562,우리 회사의 인재개발에서 개선이 필요한 점은 무엇입니까?,"부서 차원에서 볼 때, 과중 업무량에 대한 지원이 부족합니다. 복지 보상이(가) 가장 큰 문제라고 생각합니다. 비전 역량개발 성장 문제가 반복되고 있습니다.",업무량·소진
R0198,ORG20,1,38,10.7,3.0,3.333,2.4,3.375,우리 회사의 인재개발에서 개선이 필요한 점은 무엇입니까?,분위기 코칭 피드백 리더 측면은 잘 되어 있다고 봅니다. 스트레스 야근 번아웃 일정 측면은 잘 되어 있다고 봅니다.,리더십·관계
R0199,ORG20,1,29,1.0,3.0,3.0,3.0,3.0,우리 회사의 인재개발에서 개선이 필요한 점은 무엇입니까?,미래 성장 관련해서 만족스러운 편입니다.,경력·성장
R0201,ORG20,1,33,5.8,3.333,3.917,3.2,3.375,우리 회사의 인재개발에서 개선이 필요한 점은 무엇입니까?,커리어 장기적 비전 부분에서 개선이 필요합니다. 만족 수당 임금 평가에 대한 지원이 부족합니다.,경력·성장
R0202,ORG20,1,26,0.5,3.333,2.333,1.4,2.375,우리 회사의 인재개발에서 개선이 필요한 점은 무엇입니까?,,보상·처우
R0203,ORG20,2,27,0.4,4.667,2.5,2.4,3.312,우리 회사의 인재개발에서 개선이 필요한 점은 무엇입니까?,없음,경력·성장
R0204,ORG20,2,26,7.4,4.0,2.667,3.0,2.25,우리 회사의 인재개발에서 개선이 필요한 점은 무엇입니까?,관계 분위기 동료 측면은 잘 되어 있다고 봅니다. 회사가 부담 과중 휴식에 더 신경 써 주면 좋겠습니다. 회사가 교육 과정 온라인 교육비에 더 신경 써 주면 좋겠습니다.,리더십·관계
R0205,ORG20,2,28,1.6,3.667,3.545,3.4,3.625,우리 회사의 인재개발에서 개선이 필요한 점은 무엇입니까?,동료 관계 문제가 반복되고 있습니다. 교육 스터디 학습시간 자격증 관련해서 만족스러운 편입니다. 번아웃 스트레스이(가) 가장 큰 문제라고 생각합니다.,리더십·관계
R0206,ORG20,2,29,1.0,2.0,3.583,3.2,2.875,우리 회사의 인재개발에서 개선이 필요한 점은 무엇입니까?,실습 학습 강의 문제가 반복되고 있습니다.,교육·학습
R0207,ORG20,1,31,4.2,3.667,4.0,4.0,3.938,우리 회사의 인재개발에서 개선이 필요한 점은 무엇입니까?,실습 온라인 측면은 잘 되어 있다고 봅니다.,교육·학습
R0208,ORG21,2,32,13.0,1.667,3.182,3.4,3.938,우리 회사의 인재개발에서 개선이 필요한 점은 무엇입니까?,인센티브 복지 때문에 고민이 많습니다. 과중 일정 인력부족 피로 부분에서 개선이 필요합니다.,보상·처우
R0210,ORG21,1,32,4.0,4.0,2.833,2.6,2.75,우리 회사의 인재개발에서 개선이 필요한 점은 무엇입니까?,"우리 차원에서 볼 때, 회사가 일정 여유 워라밸 휴식에 더 신경 써 주면 좋겠습니다.",업무량·소진
R0211,ORG21,2,20,2.4,1.667,3.417,4.2,3.0,우리 회사의 인재개발에서 개선이 필요한 점은 무엇입니까?,"현재 차원에서 볼 때, 야근 피로 업무량 부담이(가) 가장 큰 문제라고 생각합니다. 회사가 콘텐츠 자격증에 더 신경 써 주면 좋겠습니다.",업무량·소진
R0212,ORG21,1,24,2.0,2.0,3.167,4.0,3.688,우리 회사의 인재개발에서 개선이 필요한 점은 무엇입니까?,,교육·학습
R0213,ORG21,1,30,1.2,1.333,3.5,4.2,3.688,우리 회사의 인재개발에서 개선이 필요한 점은 무엇입니까?,비전 경력경로 자기계발 전문성 관련해서 만족스러운 편입니다. 복지 승급 부분에서 개선이 필요합니다.,경력·성장
R0214,ORG21,1,26,4.9,1.333,4.333,4.2,3.5,우리 회사의 인재개발에서 개선이 필요한 점은 무엇입니까?,온라인 스터디 교육 실습 부분에서 개선이 필요합니다.,교육·학습
R0215,ORG21,2,37,6.2,2.0,2.833,3.4,4.25,우리 회사의 인재개발에서 개선이 필요한 점은 무엇입니까?,과중 번아웃 부담에 대한 지원이 부족합니다.,업무량·소진
R0216,ORG21,1,30,0.3,3.0,3.0,3.0,3.0,우리 회사의 인재개발에서 개선이 필요한 점은 무엇입니까?,존중 상사 코칭 신뢰 부분에서 개선이 필요합니다.,리더십·관계
R0217,ORG21,2,31,3.7,4.667,2.5,2.4,2.75,우리 회사의 인재개발에서 개선이 필요한 점은 무엇입니까?,여유 번아웃 인력부족 피로 관련해서 만족스러운 편입니다. 수당 처우이(가) 가장 큰 문제라고 생각합니다.,업무량·소진
R0218,ORG22,2,42,2.4,1.667,3.5,3.4,3.75,우리 회사의 인재개발에서 개선이 필요한 점은 무엇입니까?,"부서 차원에서 볼 때, 존중 소통 관련해서 만족스러운 편입니다. 경력경로 승진 때문에 고민이 많습니다. 교육 콘텐츠에 대한 지원이 부족합니다.",리더십·관계
R0219,ORG22,1,30,5.5,3.333,3.417,4.0,3.125,우리 회사의 인재개발에서 개선이 필요한 점은 무엇입니까?,온라인 스터디 실습 문제가 반복되고 있습니다. 휴식 번아웃 인력부족 관련해서 만족스러운 편입니다.,교육·학습
R0220,ORG22,2,27,1.0,3.0,3.0,3.0,3.0,우리 회사의 인재개발에서 개선이 필요한 점은 무엇입니까?,인력부족 과중이(가) 가장 큰 문제라고 생각합니다.,업무량·소진
R0221,ORG22,1,31,5.3,4.0,3.417,4.4,3.938,우리 회사의 인재개발에서 개선이 필요한 점은 무엇입니까?,성장 장기적 경력경로 문제가 반복되고 있습니다. 교육 학습시간 온라인 스터디 때문에 고민이 많습니다.,경력·성장
R0222,ORG22,2,35,1.9,2.333,3.75,3.8,2.938,우리 회사의 인재개발에서 개선이 필요한 점은 무엇입니까?,인력부족 일정 업무량이(가) 가장 큰 문제라고 생각합니다. 리더 상사 신뢰에 대한 지원이 부족합니다.,업무량·소진
R0224,ORG22,1,33,3.6,4.0,2.25,3.4,2.875,우리 회사의 인재개발에서 개선이 필요한 점은 무엇입니까?,"회사 차원에서 볼 때, 처우 만족 복지 평가 부분에서 개선이 필요합니다.",보상·처우
R0225,ORG22,2,32,6.1,3.667,3.083,2.4,3.938,우리 회사의 인재개발에서 개선이 필요한 점은 무엇입니까?,경력경로 역량개발 장기적 문제가 반복되고 있습니다.,경력·성장
R0226,ORG22,2,24,4.1,3.0,3.583,4.2,4.188,우리 회사의 인재개발에서 개선이 필요한 점은 무엇입니까?,"부서 차원에서 볼 때, 과정 교육비 연수 교육이(가) 가장 큰 문제라고 생각합니다. 회사가 팀장 신뢰 협업에 더 신경 써 주면 좋겠습니다.",교육·학습
R0227,ORG22,1,31,3.5,3.0,3.583,3.4,3.062,우리 회사의 인재개발에서 개선이 필요한 점은 무엇입니까?,"부서 차원에서 볼 때, 실습 자격증 학습시간에 대한 지원이 부족합니다. 리더 피드백 측면은 잘 되어 있다고 봅니다.",교육·학습
R0228,ORG22,1,33,5.2,3.667,3.25,3.6,3.375,우리 회사의 인재개발에서 개선이 필요한 점은 무엇입니까?,회사가 연봉 처우 승급 임금에 더 신경 써 주면 좋겠습니다. 콘텐츠 학습시간 학습 연수에 대한 지원이 부족합니다.,보상·처우
R0229,ORG22,1,37,0.4,2.0,4.417,4.8,4.312,우리 회사의 인재개발에서 개선이 필요한 점은 무엇입니까?,"회사 차원에서 볼 때, 소통 코칭 팀장 관계 문제가 반복되고 있습니다.",리더십·관계
R0230,ORG22,1,29,1.0,3.667,1.833,3.2,3.125,우리 회사의 인재개발에서 개선이 필요한 점은 무엇입니까?,학습시간 자격증 온라인 문제가 반복되고 있습니다. 만족 복지 보상 평가이(가) 가장 큰 문제라고 생각합니다.,교육·학습
R0231,ORG22,2,32,3.5,3.333,3.583,3.2,4.062,우리 회사의 인재개발에서 개선이 필요한 점은 무엇입니까?,"현재 차원에서 볼 때, 자격증 실습 콘텐츠에 대한 지원이 부족합니다. 성장 경력 전문성 직무전환 문제가 반복되고 있습니다.",교육·학습
R0232,ORG22,2,30,2.7,3.0,3.0,3.0,3.0,우리 회사의 인재개발에서 개선이 필요한 점은 무엇입니까?,"직원 차원에서 볼 때, 미래 역량개발 커리어 장기적 때문에 고민이 많습니다. 업무량 스트레스 피로이(가) 가장 큰 문제라고 생각합니다.",경력·성장
R0233,ORG22,2,32,0.4,3.667,4.167,3.4,4.0,우리 회사의 인재개발에서 개선이 필요한 점은 무엇입니까?,연봉 수당 공정 부분에서 개선이 필요합니다. 협업 팀장 신뢰 피드백 관련해서 만족스러운 편입니다.,보상·처우
R0234,ORG22,1,29,4.0,3.333,3.083,3.6,3.625,우리 회사의 인재개발에서 개선이 필요한 점은 무엇입니까?,"요즘 차원에서 볼 때, 관계 상사 측면은 잘 되어 있다고 봅니다.",리더십·관계
R0236,ORG22,1,28,0.2,4.667,2.333,4.6,3.0,우리 회사의 인재개발에서 개선이 필요한 점은 무엇입니까?,복지 승급 측면은 잘 되어 있다고 봅니다.,보상·처우
R0237,ORG22,1,28,1.7,3.333,4.75,4.2,4.5,우리 회사의 인재개발에서 개선이 필요한 점은 무엇입니까?,"우리 차원에서 볼 때, 전문성 비전 경력 직무전환 부분에서 개선이 필요합니다. 교육 학습시간 교육비 자격증 문제가 반복되고 있습니다.",경력·성장
R0238,ORG23,2,20,4.0,3.0,2.667,2.2,2.625,우리 회사의 인재개발에서 개선이 필요한 점은 무엇입니까?,상사 관계 분위기 관련해서 만족스러운 편입니다. 피로 휴식 스트레스 때문에 고민이 많습니다.,리더십·관계
R0239,ORG23,1,26,0.5,4.333,3.167,3.2,3.786,우리 회사의 인재개발에서 개선이 필요한 점은 무엇입니까?,인력부족 일정 과중에 대한 지원이 부족합니다.,업무량·소진
R0240,ORG23,2,38,0.5,3.0,3.0,3.0,3.0,우리 회사의 인재개발에서 개선이 필요한 점은 무엇입니까?,자기계발 미래 경력 성장이(가) 가장 큰 문제라고 생각합니다. 여유 과중 일정 관련해서 만족스러운 편입니다.,경력·성장
R0241,ORG23,2,35,6.0,3.667,3.333,3.4,3.667,우리 회사의 인재개발에서 개선이 필요한 점은 무엇입니까?,회사가 연봉 만족 처우 보상에 더 신경 써 주면 좋겠습니다.,보상·처우
R0242,ORG23,2,25,2.0,4.333,2.5,4.2,2.688,우리 회사의 인재개발에서 개선이 필요한 점은 무엇입니까?,업무량 일정 피로 문제가 반복되고 있습니다. 회사가 공정 보상에 더 신경 써 주면 좋겠습니다.,업무량·소진
R0243,ORG23,1,21,8.6,3.0,2.667,2.4,2.812,우리 회사의 인재개발에서 개선이 필요한 점은 무엇입니까?,"직원 차원에서 볼 때, 임금 인센티브 관련해서 만족스러운 편입니다. 스터디 온라인 콘텐츠 학습 부분에서 개선이 필요합니다.",보상·처우
R0244,ORG23,2,35,0.6,2.0,4.25,3.6,3.938,우리 회사의 인재개발에서 개선이 필요한 점은 무엇입니까?,없음,교육·학습
R0245,ORG23,1,34,5.6,3.0,4.75,3.8,4.312,우리 회사의 인재개발에서 개선이 필요한 점은 무엇입니까?,"조직 차원에서 볼 때, 관계 존중 부분에서 개선이 필요합니다. 평가 승급 만족 복지 관련해서 만족스러운 편입니다.",리더십·관계
R0246,ORG24,1,31,1.6,3.667,2.75,2.6,4.062,우리 회사의 인재개발에서 개선이 필요한 점은 무엇입니까?,회사가 미래 경력경로 장기적에 더 신경 써 주면 좋겠습니다. 회사가 승급 보상 처우에 더 신경 써 주면 좋겠습니다.,경력·성장
R0247,ORG24,2,28,0.9,3.0,3.0,3.0,3.0,우리 회사의 인재개발에서 개선이 필요한 점은 무엇입니까?,야근 번아웃 휴식 때문에 고민이 많습니다.,업무량·소진
R0248,ORG24,1,22,6.2,2.667,3.917,3.8,3.125,우리 회사의 인재개발에서 개선이 필요한 점은 무엇입니까?,,보상·처우
R0249,ORG24,1,34,1.8,2.333,3.727,4.2,3.0,우리 회사의 인재개발에서 개선이 필요한 점은 무엇입니까?,"요즘 차원에서 볼 때, 팀장 협업 분위기 부분에서 개선이 필요합니다. 자격증 교육비 스터디 측면은 잘 되어 있다고 봅니다. 미래 성장 경력 자기계발 때문에 고민이 많습니다.",리더십·관계
R0250,ORG24,1,33,1.9,3.667,3.25,4.4,2.312,우리 회사의 인재개발에서 개선이 필요한 점은 무엇입니까?,"부서 차원에서 볼 때, 커리어 비전 자기계발이(가) 가장 큰 문제라고 생각합니다. 콘텐츠 스터디 관련해서 만족스러운 편입니다.",경력·성장
R0251,ORG24,2,36,1.8,4.0,4.5,2.6,4.0,우리 회사의 인재개발에서 개선이 필요한 점은 무엇입니까?,비전 경력경로 커리어 직무전환 부분에서 개선이 필요합니다. 평가 연봉이(가) 가장 큰 문제라고 생각합니다.,경력·성장
R0252,ORG24,1,28,2.9,2.333,3.667,1.8,3.062,우리 회사의 인재개발에서 개선이 필요한 점은 무엇입니까?,"우리 차원에서 볼 때, 회사가 일정 피로 번아웃 업무량에 더 신경 써 주면 좋겠습니다. 장기적 전문성 부분에서 개선이 필요합니다.",업무량·소진
R0253,ORG24,2,34,0.6,1.667,3.667,4.2,3.938,우리 회사의 인재개발에서 개선이 필요한 점은 무엇입니까?,학습시간 교육비 부분에서 개선이 필요합니다. 임금 처우 연봉 측면은 잘 되어 있다고 봅니다.,교육·학습
R0254,ORG25,1,37,10.5,3.0,3.333,3.4,3.688,우리 회사의 인재개발에서 개선이 필요한 점은 무엇입니까?,성장 전문성 문제가 반복되고 있습니다. 자격증 교육비 강의에 대한 지원이 부족합니다. 부담 인력부족 워라밸 측면은 잘 되어 있다고 봅니다.,경력·성장
R0255,ORG25,1,33,2.0,3.333,3.833,1.6,3.562,우리 회사의 인재개발에서 개선이 필요한 점은 무엇입니까?,"부서 차원에서 볼 때, 처우 수당 인센티브 문제가 반복되고 있습니다.",보상·처우
R0256,ORG25,1,31,2.1,3.0,3.333,2.8,2.938,우리 회사의 인재개발에서 개선이 필요한 점은 무엇입니까?,성장 자기계발 직무전환 측면은 잘 되어 있다고 봅니다. 분위기 팀장 신뢰 코칭에 대한 지원이 부족합니다.,경력·성장
R0257,ORG25,2,23,4.9,2.667,3.417,3.2,3.188,우리 회사의 인재개발에서 개선이 필요한 점은 무엇입니까?,없음,보상·처우
R0258,ORG25,1,31,4.1,4.667,4.167,3.6,3.625,우리 회사의 인재개발에서 개선이 필요한 점은 무엇입니까?,,교육·학습
R0259,ORG25,1,22,6.1,3.0,3.667,3.2,4.125,우리 회사의 인재개발에서 개선이 필요한 점은 무엇입니까?,장기적 역량개발 전문성 비전이(가) 가장 큰 문제라고 생각합니다.,경력·성장
R0260,ORG25,1,39,1.7,3.333,3.167,2.2,2.5,우리 회사의 인재개발에서 개선이 필요한 점은 무엇입니까?,온라인 강의 과정 학습 측면은 잘 되어 있다고 봅니다. 업무량 일정 번아웃 워라밸 부분에서 개선이 필요합니다.,교육·학습
R0261,ORG25,1,35,2.4,3.0,3.083,2.0,2.5,우리 회사의 인재개발에서 개선이 필요한 점은 무엇입니까?,"현재 차원에서 볼 때, 회사가 관계 분위기에 더 신경 써 주면 좋겠습니다. 회사가 교육비 학습시간 연수 강의에 더 신경 써 주면 좋겠습니다.",리더십·관계
R0262,ORG25,1,31,9.5,3.333,1.833,1.2,2.25,우리 회사의 인재개발에서 개선이 필요한 점은 무엇입니까?,"부서 차원에서 볼 때, 경력 경력경로 미래 문제가 반복되고 있습니다. 회사가 워라밸 여유 번아웃 야근에 더 신경 써 주면 좋겠습니다.",경력·성장
R0263,ORG26,2,30,8.5,3.333,3.667,3.8,3.25,우리 회사의 인재개발에서 개선이 필요한 점은 무엇입니까?,팀장 코칭 관련해서 만족스러운 편입니다. 승급 평가 만족이(가) 가장 큰 문제라고 생각합니다.,리더십·관계
R0264,ORG26,2,29,2.5,3.0,4.583,3.4,3.938,우리 회사의 인재개발에서 개선이 필요한 점은 무엇입니까?,"우리 차원에서 볼 때, 경력경로 승진 관련해서 만족스러운 편입니다. 연수 학습시간에 대한 지원이 부족합니다.",경력·성장
R0265,ORG26,1,30,0.4,3.667,2.667,2.6,3.25,우리 회사의 인재개발에서 개선이 필요한 점은 무엇입니까?,연수 학습시간이(가) 가장 큰 문제라고 생각합니다.,교육·학습
R0266,ORG26,2,31,0.1,2.0,3.917,3.2,4.188,우리 회사의 인재개발에서 개선이 필요한 점은 무엇입니까?,콘텐츠 과정에 대한 지원이 부족합니다. 자기계발 경력 직무전환 측면은 잘 되어 있다고 봅니다.,교육·학습
R0267,ORG26,1,27,0.5,3.0,2.25,2.6,3.0,우리 회사의 인재개발에서 개선이 필요한 점은 무엇입니까?,없음,업무량·소진
R0268,ORG26,2,30,1.8,3.0,3.25,4.4,3.0,우리 회사의 인재개발에서 개선이 필요한 점은 무엇입니까?,"필요 차원에서 볼 때, 자기계발 장기적 직무전환 부분에서 개선이 필요합니다.",경력·성장
R0269,ORG26,1,30,3.9,3.333,2.455,3.0,2.688,우리 회사의 인재개발에서 개선이 필요한 점은 무엇입니까?,회사가 연수 스터디에 더 신경 써 주면 좋겠습니다. 공정 인센티브 연봉 복지 관련해서 만족스러운 편입니다.,교육·학습
R0270,ORG26,1,29,6.8,1.667,4.417,4.6,3.688,우리 회사의 인재개발에서 개선이 필요한 점은 무엇입니까?,장기적 커리어 승진 비전 문제가 반복되고 있습니다.,경력·성장
R0272,ORG27,1,34,1.7,4.0,3.0,2.5,3.267,우리 회사의 인재개발에서 개선이 필요한 점은 무엇입니까?,처우 인센티브 연봉이(가) 가장 큰 문제라고 생각합니다.,보상·처우
R0273,ORG27,1,36,5.0,3.0,3.25,2.4,2.875,우리 회사의 인재개발에서 개선이 필요한 점은 무엇입니까?,"우리 차원에서 볼 때, 회사가 복지 임금 형평성에 더 신경 써 주면 좋겠습니다.",보상·처우
R0274,ORG27,2,28,10.5,2.667,3.083,1.6,2.625,우리 회사의 인재개발에서 개선이 필요한 점은 무엇입니까?,"요즘 차원에서 볼 때, 강의 과정 때문에 고민이 많습니다.",교육·학습
R0275,ORG27,2,38,1.6,3.333,3.583,2.6,3.188,우리 회사의 인재개발에서 개선이 필요한 점은 무엇입니까?,"구성원 차원에서 볼 때, 장기적 커리어에 대한 지원이 부족합니다. 회사가 존중 동료에 더 신경 써 주면 좋겠습니다.",경력·성장
R0276,ORG27,1,24,4.3,3.667,2.667,3.2,3.688,우리 회사의 인재개발에서 개선이 필요한 점은 무엇입니까?,승급 만족 평가이(가) 가장 큰 문제라고 생각합니다. 승진 커리어 경력경로 경력 관련해서 만족스러운 편입니다.,보상·처우
R0277,ORG27,2,28,3.3,3.333,3.583,1.8,4.188,우리 회사의 인재개발에서 개선이 필요한 점은 무엇입니까?,비전 경력 미래에 대한 지원이 부족합니다.,경력·성장
R0278,ORG27,1,39,3.4,3.0,3.667,2.6,2.5,우리 회사의 인재개발에서 개선이 필요한 점은 무엇입니까?,부담 워라밸 문제가 반복되고 있습니다. 콘텐츠 실습 교육비 때문에 고민이 많습니다. 연봉 복지 임금 관련해서 만족스러운 편입니다.,업무량·소진
R0279,ORG27,1,31,11.1,4.667,2.417,3.4,2.562,우리 회사의 인재개발에서 개선이 필요한 점은 무엇입니까?,인센티브 수당 연봉 부분에서 개선이 필요합니다. 휴식 일정 업무량 문제가 반복되고 있습니다.,보상·처우
R0280,ORG27,2,30,1.9,3.333,3.083,3.6,3.25,우리 회사의 인재개발에서 개선이 필요한 점은 무엇입니까?,번아웃 휴식 과중 때문에 고민이 많습니다.,업무량·소진
R0281,ORG27,2,32,5.6,4.333,2.833,2.8,3.438,우리 회사의 인재개발에서 개선이 필요한 점은 무엇입니까?,과정 강의 콘텐츠 교육이(가) 가장 큰 문제라고 생각합니다.,교육·학습
R0282,ORG27,2,29,4.4,2.667,3.917,4.4,3.5,우리 회사의 인재개발에서 개선이 필요한 점은 무엇입니까?,"조직 차원에서 볼 때, 분위기 피드백 관계 소통에 대한 지원이 부족합니다. 번아웃 피로 스트레스 측면은 잘 되어 있다고 봅니다. 형평성 처우 부분에서 개선이 필요합니다.",리더십·관계
R0283,ORG28,1,32,4.8,3.0,4.25,3.8,4.188,우리 회사의 인재개발에서 개선이 필요한 점은 무엇입니까?,회사가 코칭 협업에 더 신경 써 주면 좋겠습니다. 미래 승진 직무전환 관련해서 만족스러운 편입니다.,리더십·관계
R0284,ORG28,2,32,0.9,2.0,3.167,4.2,4.375,우리 회사의 인재개발에서 개선이 필요한 점은 무엇입니까?,,교육·학습
R0285,ORG28,1,31,3.3,2.333,3.083,4.0,3.562,우리 회사의 인재개발에서 개선이 필요한 점은 무엇입니까?,"부서 차원에서 볼 때, 승급 처우 평가 인센티브 때문에 고민이 많습니다. 신뢰 팀장 측면은 잘 되어 있다고 봅니다.",보상·처우
R0286,ORG28,1,24,1.8,4.667,1.917,3.0,2.5,우리 회사의 인재개발에서 개선이 필요한 점은 무엇입니까?,자기계발 경력 장기적 경력경로에 대한 지원이 부족합니다.,경력·성장
R0287,ORG28,1,28,2.8,4.0,2.167,4.2,3.0,우리 회사의 인재개발에서 개선이 필요한 점은 무엇입니까?,피드백 협업이(가) 가장 큰 문제라고 생각합니다. 야근 일정 피로 번아웃에 대한 지원이 부족합니다. 형평성 임금 평가이(가) 가장 큰 문제라고 생각합니다.,리더십·관계
R0288,ORG29,2,32,2.4,2.333,2.417,3.6,1.688,우리 회사의 인재개발에서 개선이 필요한 점은 무엇입니까?,강의 과정 스터디 교육비이(가) 가장 큰 문제라고 생각합니다. 경력 승진 미래에 대한 지원이 부족합니다.,교육·학습
R0289,ORG29,2,26,5.8,4.333,3.167,2.5,3.75,우리 회사의 인재개발에서 개선이 필요한 점은 무엇입니까?,여유 피로 과중 번아웃 측면은 잘 되어 있다고 봅니다. 전문성 비전 장기적 경력에 대한 지원이 부족합니다.,업무량·소진
R0290,ORG29,1,26,0.5,2.0,3.167,2.8,3.533,우리 회사의 인재개발에서 개선이 필요한 점은 무엇입니까?,역량개발 장기적 성장이(가) 가장 큰 문제라고 생각합니다.,경력·성장
R0291,ORG29,1,27,0.4,3.0,3.0,3.0,3.0,우리 회사의 인재개발에서 개선이 필요한 점은 무엇입니까?,없음,경력·성장
R0292,ORG29,1,30,1.2,4.0,3.0,2.0,4.312,우리 회사의 인재개발에서 개선이 필요한 점은 무엇입니까?,"조직 차원에서 볼 때, 보상 인센티브 임금 공정 부분에서 개선이 필요합니다.",보상·처우
R0293,ORG29,2,33,1.3,1.333,2.5,3.2,2.875,우리 회사의 인재개발에서 개선이 필요한 점은 무엇입니까?,연수 과정 강의 온라인 관련해서 만족스러운 편입니다. 회사가 평가 연봉 임금 승급에 더 신경 써 주면 좋겠습니다.,교육·학습
R0294,ORG29,1,32,2.0,3.333,2.917,2.0,3.75,우리 회사의 인재개발에서 개선이 필요한 점은 무엇입니까?,"생각 차원에서 볼 때, 분위기 코칭 관련해서 만족스러운 편입니다. 평가 복지 공정 만족이(가) 가장 큰 문제라고 생각합니다. 실습 교육에 대한 지원이 부족합니다.",리더십·관계
R0295,ORG29,1,35,5.6,3.667,2.833,2.0,2.688,우리 회사의 인재개발에서 개선이 필요한 점은 무엇입니까?,"구성원 차원에서 볼 때, 복지 승급에 대한 지원이 부족합니다. 야근 여유이(가) 가장 큰 문제라고 생각합니다. 역량개발 비전 미래 전문성 부분에서 개선이 필요합니다.",보상·처우
R0296,ORG29,2,32,5.5,2.0,2.5,1.0,3.375,우리 회사의 인재개발에서 개선이 필요한 점은 무엇입니까?,"직원 차원에서 볼 때, 리더 동료 상사 소통 관련해서 만족스러운 편입니다. 자격증 강의 콘텐츠 측면은 잘 되어 있다고 봅니다. 휴식 야근 여유 부담이(가) 가장 큰 문제라고 생각합니다.",리더십·관계
R0297,ORG29,2,27,6.3,3.0,3.417,2.8,3.625,우리 회사의 인재개발에서 개선이 필요한 점은 무엇입니까?,승진 장기적 비전 문제가 반복되고 있습니다.,경력·성장
R0298,ORG29,2,34,7.3,4.333,2.833,2.6,2.438,우리 회사의 인재개발에서 개선이 필요한 점은 무엇입니까?,"구성원 차원에서 볼 때, 성장 경력 문제가 반복되고 있습니다. 회사가 연봉 평가 복지 인센티브에 더 신경 써 주면 좋겠습니다.",경력·성장
R0299,ORG29,2,36,2.1,3.333,2.333,2.4,3.0,우리 회사의 인재개발에서 개선이 필요한 점은 무엇입니까?,커리어 승진 측면은 잘 되어 있다고 봅니다.,경력·성장
R0300,ORG30,1,29,1.7,4.667,3.417,2.2,3.125,우리 회사의 인재개발에서 개선이 필요한 점은 무엇입니까?,"요즘 차원에서 볼 때, 보상 처우 만족 평가 때문에 고민이 많습니다. 워라밸 여유이(가) 가장 큰 문제라고 생각합니다.",보상·처우
R0301,ORG30,2,39,2.5,3.333,3.182,2.4,3.812,우리 회사의 인재개발에서 개선이 필요한 점은 무엇입니까?,자기계발 역량개발 직무전환 전문성 관련해서 만족스러운 편입니다. 회사가 피드백 동료 관계에 더 신경 써 주면 좋겠습니다. 부담 과중 부분에서 개선이 필요합니다.,경력·성장
R0302,ORG30,1,36,3.7,5.0,1.667,2.8,1.5,우리 회사의 인재개발에서 개선이 필요한 점은 무엇입니까?,"생각 차원에서 볼 때, 회사가 인력부족 워라밸 야근에 더 신경 써 주면 좋겠습니다. 수당 처우 승급 문제가 반복되고 있습니다.",업무량·소진
R0303,ORG30,1,33,2.3,3.333,3.417,1.8,3.375,우리 회사의 인재개발에서 개선이 필요한 점은 무엇입니까?,"직원 차원에서 볼 때, 일정 휴식 과중 워라밸 관련해서 만족스러운 편입니다. 보상 복지 형평성 연봉 측면은 잘 되어 있다고 봅니다. 경력 직무전환에 대한 지원이 부족합니다.",업무량·소진
R0304,ORG30,2,31,4.7,4.0,3.5,3.2,3.312,우리 회사의 인재개발에서 개선이 필요한 점은 무엇입니까?,온라인 교육 관련해서 만족스러운 편입니다. 회사가 보상 인센티브 형평성 공정에 더 신경 써 주면 좋겠습니다. 워라밸 일정 때문에 고민이 많습니다.,교육·학습
R0305,ORG30,2,32,1.5,4.0,2.083,1.6,2.438,우리 회사의 인재개발에서 개선이 필요한 점은 무엇입니까?,회사가 수당 보상에 더 신경 써 주면 좋겠습니다.,보상·처우
R0306,ORG30,2,33,4.9,4.0,2.333,2.2,2.562,우리 회사의 인재개발에서 개선이 필요한 점은 무엇입니까?,"생각 차원에서 볼 때, 회사가 연봉 복지 만족에 더 신경 써 주면 좋겠습니다. 야근 일정이(가) 가장 큰 문제라고 생각합니다.",보상·처우
R0307,ORG30,2,35,5.9,3.667,3.25,3.0,3.625,우리 회사의 인재개발에서 개선이 필요한 점은 무엇입니까?,"요즘 차원에서 볼 때, 커리어 전문성 성장 때문에 고민이 많습니다. 피로 과중 야근 때문에 고민이 많습니다.",경력·성장
R0308,ORG30,2,32,8.7,4.5,3.417,3.2,3.688,우리 회사의 인재개발에서 개선이 필요한 점은 무엇입니까?,"조직 차원에서 볼 때, 수당 승급 처우 부분에서 개선이 필요합니다. 비전 장기적 측면은 잘 되어 있다고 봅니다.",보상·처우
R0309,ORG31,2,27,1.0,2.667,3.0,2.75,2.875,우리 회사의 인재개발에서 개선이 필요한 점은 무엇입니까?,업무량 일정 측면은 잘 되어 있다고 봅니다. 보상 만족 연봉 측면은 잘 되어 있다고 봅니다. 성장 경력 직무전환에 대한 지원이 부족합니다.,업무량·소진
R0310,ORG31,1,30,9.5,3.667,3.667,4.2,2.75,우리 회사의 인재개발에서 개선이 필요한 점은 무엇입니까?,"직원 차원에서 볼 때, 회사가 공정 수당 보상 임금에 더 신경 써 주면 좋겠습니다. 교육 학습시간 학습이(가) 가장 큰 문제라고 생각합니다.",보상·처우
R0311,ORG31,2,28,0.3,1.667,4.75,3.8,3.875,우리 회사의 인재개발에서 개선이 필요한 점은 무엇입니까?,회사가 일정 업무량에 더 신경 써 주면 좋겠습니다. 자기계발 비전 문제가 반복되고 있습니다. 관계 동료 팀장 소통 관련해서 만족스러운 편입니다.,업무량·소진
R0312,ORG31,2,20,1.4,3.0,3.333,4.0,3.375,우리 회사의 인재개발에서 개선이 필요한 점은 무엇입니까?,임금 처우 보상 측면은 잘 되어 있다고 봅니다. 직무전환 미래 경력 승진 문제가 반복되고 있습니다.,보상·처우
R0313,ORG31,2,34,3.4,3.333,3.917,3.0,3.75,우리 회사의 인재개발에서 개선이 필요한 점은 무엇입니까?,역량개발 성장 전문성 장기적에 대한 지원이 부족합니다. 과정 교육비 학습시간이(가) 가장 큰 문제라고 생각합니다.,경력·성장
R0314,ORG31,1,29,1.5,4.333,2.182,3.8,2.562,우리 회사의 인재개발에서 개선이 필요한 점은 무엇입니까?,,업무량·소진
R0315,ORG31,2,30,1.4,2.667,3.0,4.2,2.312,우리 회사의 인재개발에서 개선이 필요한 점은 무엇입니까?,"우리 차원에서 볼 때, 회사가 과정 실습 스터디 교육비에 더 신경 써 주면 좋겠습니다. 경력 직무전환 비전 경력경로에 대한 지원이 부족합니다.",교육·학습
R0316,ORG31,1,30,1.5,4.0,2.417,4.0,2.562,우리 회사의 인재개발에서 개선이 필요한 점은 무엇입니까?,"생각 차원에서 볼 때, 평가 수당 관련해서 만족스러운 편입니다.",보상·처우
R0317,ORG31,2,27,3.0,2.667,3.5,2.6,4.062,우리 회사의 인재개발에서 개선이 필요한 점은 무엇입니까?,"부서 차원에서 볼 때, 회사가 성장 자기계발 커리어에 더 신경 써 주면 좋겠습니다. 상사 관계 피드백 협업에 대한 지원이 부족합니다.",경력·성장
R0318,ORG31,1,29,3.8,1.0,3.0,3.4,2.438,우리 회사의 인재개발에서 개선이 필요한 점은 무엇입니까?,회사가 업무량 부담 일정에 더 신경 써 주면 좋겠습니다.,업무량·소진
R0319,ORG32,1,37,0.4,3.667,3.25,3.0,2.938,우리 회사의 인재개발에서 개선이 필요한 점은 무엇입니까?,직무전환 승진 전문성에 대한 지원이 부족합니다. 야근 번아웃 일정이(가) 가장 큰 문제라고 생각합니다.,경력·성장
R0320,ORG32,2,36,9.8,3.333,3.417,3.2,3.812,우리 회사의 인재개발에서 개선이 필요한 점은 무엇입니까?,스트레스 과중 번아웃 워라밸 부분에서 개선이 필요합니다. 콘텐츠 학습 실습 자격증 부분에서 개선이 필요합니다. 미래 역량개발 비전 승진이(가) 가장 큰 문제라고 생각합니다.,업무량·소진
R0321,ORG32,2,22,1.1,3.0,2.833,1.8,2.438,우리 회사의 인재개발에서 개선이 필요한 점은 무엇입니까?,"필요 차원에서 볼 때, 미래 전문성 승진 부분에서 개선이 필요합니다. 번아웃 여유 부담 부분에서 개선이 필요합니다.",경력·성장
R0322,ORG32,1,34,0.6,3.667,3.0,4.4,3.25,우리 회사의 인재개발에서 개선이 필요한 점은 무엇입니까?,피로 번아웃 워라밸 측면은 잘 되어 있다고 봅니다.,업무량·소진
R0323,ORG32,2,25,7.9,4.0,2.833,3.8,3.375,우리 회사의 인재개발에서 개선이 필요한 점은 무엇입니까?,업무량 인력부족 여유 번아웃에 대한 지원이 부족합니다.,업무량·소진
R0324,ORG32,1,30,2.0,2.667,3.917,2.0,3.938,우리 회사의 인재개발에서 개선이 필요한 점은 무엇입니까?,없음,경력·성장
R0325,ORG32,1,36,2.8,3.667,2.917,3.0,2.812,우리 회사의 인재개발에서 개선이 필요한 점은 무엇입니까?,,업무량·소진
R0326,ORG32,1,27,0.4,4.0,4.0,4.0,4.0,우리 회사의 인재개발에서 개선이 필요한 점은 무엇입니까?,"현재 차원에서 볼 때, 평가 형평성 복지 임금 관련해서 만족스러운 편입니다. 회사가 팀장 관계 분위기 협업에 더 신경 써 주면 좋겠습니다. 업무량 야근 문제가 반복되고 있습니다.",보상·처우
R0327,ORG32,2,23,0.2,2.667,2.75,1.8,2.562,우리 회사의 인재개발에서 개선이 필요한 점은 무엇입니까?,"필요 차원에서 볼 때, 피로 스트레스 야근 일정 문제가 반복되고 있습니다.",업무량·소진
R0329,ORG32,1,22,0.5,3.333,3.167,3.0,3.062,우리 회사의 인재개발에서 개선이 필요한 점은 무엇입니까?,"생각 차원에서 볼 때, 여유 워라밸 피로 부담 문제가 반복되고 있습니다.",업무량·소진
R0330,ORG32,1,32,3.9,4.0,3.417,3.75,4.375,우리 회사의 인재개발에서 개선이 필요한 점은 무엇입니까?,"생각 차원에서 볼 때, 과중 피로 워라밸이(가) 가장 큰 문제라고 생각합니다. 장기적 전문성 경력경로 미래 때문에 고민이 많습니다. 회사가 교육 자격증 연수 과정에 더 신경 써 주면 좋겠습니다.",업무량·소진
R0331,ORG33,2,38,2.3,3.333,4.333,4.4,2.875,우리 회사의 인재개발에서 개선이 필요한 점은 무엇입니까?,"우리 차원에서 볼 때, 스터디 자격증 관련해서 만족스러운 편입니다. 복지 평가 형평성 관련해서 만족스러운 편입니다. 협업 상사 관계 관련해서 만족스러운 편입니다.",교육·학습
R0332,ORG33,1,36,5.2,3.0,3.0,3.0,3.0,우리 회사의 인재개발에서 개선이 필요한 점은 무엇입니까?,야근 업무량 문제가 반복되고 있습니다.,업무량·소진
R0333,ORG33,2,23,2.6,2.667,4.0,3.0,4.375,우리 회사의 인재개발에서 개선이 필요한 점은 무엇입니까?,인센티브 복지 공정 보상 때문에 고민이 많습니다. 회사가 자기계발 장기적 직무전환 비전에 더 신경 써 주면 좋겠습니다.,보상·처우
R0334,ORG33,2,30,2.1,1.333,3.5,2.6,3.375,우리 회사의 인재개발에서 개선이 필요한 점은 무엇입니까?,없음,교육·학습
R0335,ORG33,2,30,8.3,3.0,3.0,3.0,3.0,우리 회사의 인재개발에서 개선이 필요한 점은 무엇입니까?,"구성원 차원에서 볼 때, 자격증 스터디 실습 부분에서 개선이 필요합니다. 경력경로 커리어 측면은 잘 되어 있다고 봅니다. 존중 리더 문제가 반복되고 있습니다.",교육·학습
R0336,ORG33,2,31,4.4,2.333,3.5,4.2,3.562,우리 회사의 인재개발에서 개선이 필요한 점은 무엇입니까?,회사가 일정 야근에 더 신경 써 주면 좋겠습니다. 만족 승급 공정 처우 때문에 고민이 많습니다.,업무량·소진
R0337,ORG33,2,32,2.4,3.0,3.0,3.0,3.0,우리 회사의 인재개발에서 개선이 필요한 점은 무엇입니까?,회사가 업무량 과중에 더 신경 써 주면 좋겠습니다.,업무량·소진
R0338,ORG33,1,34,3.3,3.667,3.917,3.0,2.875,우리 회사의 인재개발에서 개선이 필요한 점은 무엇입니까?,부담 피로 측면은 잘 되어 있다고 봅니다. 관계 소통 문제가 반복되고 있습니다.,업무량·소진
R0339,ORG33,1,29,0.1,2.667,4.417,4.25,4.5,우리 회사의 인재개발에서 개선이 필요한 점은 무엇입니까?,피드백 상사에 대한 지원이 부족합니다. 연수 학습 부분에서 개선이 필요합니다.,리더십·관계
R0340,ORG33,2,42,5.7,4.333,2.667,3.4,2.875,우리 회사의 인재개발에서 개선이 필요한 점은 무엇입니까?,스트레스 휴식 여유 야근 때문에 고민이 많습니다. 직무전환 승진 성장 경력경로 때문에 고민이 많습니다.,업무량·소진
R0341,ORG33,2,26,0.5,3.667,3.083,5.0,2.875,우리 회사의 인재개발에서 개선이 필요한 점은 무엇입니까?,"필요 차원에서 볼 때, 콘텐츠 교육비 연수 학습시간 때문에 고민이 많습니다. 수당 공정 임금 보상 부분에서 개선이 필요합니다. 신뢰 리더 코칭 측면은 잘 되어 있다고 봅니다.",교육·학습
R0342,ORG33,1,30,7.4,4.667,2.333,2.2,3.5,우리 회사의 인재개발에서 개선이 필요한 점은 무엇입니까?,"요즘 차원에서 볼 때, 형평성 인센티브이(가) 가장 큰 문제라고 생각합니다. 회사가 경력경로 미래에 더 신경 써 주면 좋겠습니다. 휴식 업무량 인력부족 워라밸 때문에 고민이 많습니다.",보상·처우
R0343,ORG33,2,34,9.0,5.0,3.0,2.0,2.688,우리 회사의 인재개발에서 개선이 필요한 점은 무엇입니까?,피로 인력부족 관련해서 만족스러운 편입니다.,업무량·소진
R0344,ORG34,2,28,6.5,3.667,3.917,2.6,2.875,우리 회사의 인재개발에서 개선이 필요한 점은 무엇입니까?,"조직 차원에서 볼 때, 상사 협업 분위기 소통 측면은 잘 되어 있다고 봅니다.",리더십·관계
R0345,ORG34,1,28,3.5,2.667,3.0,3.0,3.467,우리 회사의 인재개발에서 개선이 필요한 점은 무엇입니까?,피드백 신뢰 리더 상사이(가) 가장 큰 문제라고 생각합니다. 일정 부담 과중 때문에 고민이 많습니다.,리더십·관계
R0347,ORG34,2,25,3.1,1.0,3.333,2.6,3.25,우리 회사의 인재개발에서 개선이 필요한 점은 무엇입니까?,"구성원 차원에서 볼 때, 상사 코칭 부분에서 개선이 필요합니다.",리더십·관계
R0348,ORG34,2,26,5.1,2.0,4.083,2.4,3.312,우리 회사의 인재개발에서 개선이 필요한 점은 무엇입니까?,상사 신뢰 피드백 부분에서 개선이 필요합니다. 성장 커리어 역량개발 부분에서 개선이 필요합니다. 보상 평가 관련해서 만족스러운 편입니다.,리더십·관계
R0349,ORG34,2,27,1.2,4.333,1.917,3.4,1.938,우리 회사의 인재개발에서 개선이 필요한 점은 무엇입니까?,수당 보상 연봉 평가이(가) 가장 큰 문제라고 생각합니다. 워라밸 부담 번아웃 관련해서 만족스러운 편입니다.,보상·처우
R0350,ORG35,1,41,5.1,2.667,3.833,3.2,3.5,우리 회사의 인재개발에서 개선이 필요한 점은 무엇입니까?,과정 실습 교육 학습에 대한 지원이 부족합니다. 경력 승진이(가) 가장 큰 문제라고 생각합니다.,교육·학습
R0351,ORG35,2,32,1.9,2.667,3.0,4.0,2.812,우리 회사의 인재개발에서 개선이 필요한 점은 무엇입니까?,"부서 차원에서 볼 때, 승진 경력 부분에서 개선이 필요합니다. 학습 교육비 콘텐츠에 대한 지원이 부족합니다.",경력·성장
R0352,ORG35,2,34,0.5,3.667,3.25,3.4,2.625,우리 회사의 인재개발에서 개선이 필요한 점은 무엇입니까?,"현재 차원에서 볼 때, 소통 존중 때문에 고민이 많습니다. 처우 복지 인센티브 측면은 잘 되어 있다고 봅니다.",리더십·관계
R0353,ORG35,2,29,0.1,2.333,3.25,4.0,2.75,우리 회사의 인재개발에서 개선이 필요한 점은 무엇입니까?,강의 콘텐츠 교육 과정 관련해서 만족스러운 편입니다. 코칭 팀장 측면은 잘 되어 있다고 봅니다.,교육·학습
R0354,ORG35,1,25,5.6,3.667,3.333,3.4,2.938,우리 회사의 인재개발에서 개선이 필요한 점은 무엇입니까?,교육 학습시간 문제가 반복되고 있습니다. 성장 자기계발 직무전환이(가) 가장 큰 문제라고 생각합니다.,교육·학습
R0356,ORG35,2,31,12.6,4.0,2.083,3.0,2.5,우리 회사의 인재개발에서 개선이 필요한 점은 무엇입니까?,"조직 차원에서 볼 때, 비전 직무전환이(가) 가장 큰 문제라고 생각합니다. 업무량 야근이(가) 가장 큰 문제라고 생각합니다.",경력·성장
R0357,ORG35,2,28,1.8,4.0,2.25,2.6,3.062,우리 회사의 인재개발에서 개선이 필요한 점은 무엇입니까?,연봉 복지 인센티브 문제가 반복되고 있습니다. 일정 부담 과중 문제가 반복되고 있습니다.,보상·처우
R0358,ORG35,2,36,1.8,1.333,2.833,2.8,2.4,우리 회사의 인재개발에서 개선이 필요한 점은 무엇입니까?,"구성원 차원에서 볼 때, 인센티브 보상 평가이(가) 가장 큰 문제라고 생각합니다. 야근 휴식 문제가 반복되고 있습니다.",보상·처우
R0359,ORG36,2,28,0.6,3.0,3.0,3.0,3.0,우리 회사의 인재개발에서 개선이 필요한 점은 무엇입니까?,"필요 차원에서 볼 때, 교육 스터디 강의 때문에 고민이 많습니다. 경력 장기적 미래 비전이(가) 가장 큰 문제라고 생각합니다.",교육·학습
R0361,ORG36,2,32,1.4,2.667,3.917,3.0,3.875,우리 회사의 인재개발에서 개선이 필요한 점은 무엇입니까?,회사가 자격증 강의 연수에 더 신경 써 주면 좋겠습니다. 여유 야근 피로 부분에서 개선이 필요합니다.,교육·학습
R0362,ORG36,2,42,3.9,2.0,4.667,4.6,3.438,우리 회사의 인재개발에서 개선이 필요한 점은 무엇입니까?,관계 코칭 리더 때문에 고민이 많습니다.,리더십·관계
R0363,ORG36,1,34,3.1,2.667,3.583,4.0,3.25,우리 회사의 인재개발에서 개선이 필요한 점은 무엇입니까?,온라인 강의 학습시간 관련해서 만족스러운 편입니다. 야근 번아웃 부담 부분에서 개선이 필요합니다.,교육·학습
R0365,ORG36,1,32,5.9,3.333,3.667,2.2,3.062,우리 회사의 인재개발에서 개선이 필요한 점은 무엇입니까?,상사 동료 관계에 대한 지원이 부족합니다. 실습 교육비 때문에 고민이 많습니다.,리더십·관계
R0366,ORG36,2,36,5.5,5.0,3.333,2.2,2.0,우리 회사의 인재개발에서 개선이 필요한 점은 무엇입니까?,여유 피로 과중 부담 관련해서 만족스러운 편입니다.,업무량·소진
R0367,ORG36,1,36,1.3,3.0,3.333,4.2,3.25,우리 회사의 인재개발에서 개선이 필요한 점은 무엇입니까?,피로 과중 때문에 고민이 많습니다.,업무량·소진
R0368,ORG36,2,36,5.5,2.667,3.75,4.2,3.812,우리 회사의 인재개발에서 개선이 필요한 점은 무엇입니까?,"부서 차원에서 볼 때, 회사가 처우 만족에 더 신경 써 주면 좋겠습니다.",보상·처우
R0369,ORG36,2,27,4.5,3.0,3.0,3.0,3.0,우리 회사의 인재개발에서 개선이 필요한 점은 무엇입니까?,"우리 차원에서 볼 때, 직무전환 장기적 자기계발 비전 문제가 반복되고 있습니다.",경력·성장
R0370,ORG36,1,40,1.5,2.667,4.25,2.0,3.75,우리 회사의 인재개발에서 개선이 필요한 점은 무엇입니까?,평가 승급 복지 문제가 반복되고 있습니다. 워라밸 휴식 스트레스이(가) 가장 큰 문제라고 생각합니다.,보상·처우
R0371,ORG36,2,28,0.5,3.333,3.5,2.6,3.125,우리 회사의 인재개발에서 개선이 필요한 점은 무엇입니까?,"조직 차원에서 볼 때, 동료 관계 존중 팀장 문제가 반복되고 있습니다.",리더십·관계
R0372,ORG37,2,30,1.7,3.333,3.0,3.6,3.25,우리 회사의 인재개발에서 개선이 필요한 점은 무엇입니까?,"회사 차원에서 볼 때, 피로 과중 휴식 워라밸에 대한 지원이 부족합니다. 임금 처우 측면은 잘 되어 있다고 봅니다.",업무량·소진
R0373,ORG37,1,27,2.4,3.667,3.0,3.0,3.375,우리 회사의 인재개발에서 개선이 필요한 점은 무엇입니까?,휴식 워라밸 업무량 관련해서 만족스러운 편입니다. 수당 임금 인센티브 때문에 고민이 많습니다.,업무량·소진
R0374,ORG37,2,32,3.1,2.333,3.833,4.4,3.125,우리 회사의 인재개발에서 개선이 필요한 점은 무엇입니까?,"필요 차원에서 볼 때, 교육비 교육 콘텐츠 학습에 대한 지원이 부족합니다. 피로 스트레스 워라밸에 대한 지원이 부족합니다.",교육·학습
R0375,ORG37,2,40,2.6,4.0,2.333,4.2,3.0,우리 회사의 인재개발에서 개선이 필요한 점은 무엇입니까?,"우리 차원에서 볼 때, 관계 팀장 동료 부분에서 개선이 필요합니다. 연수 실습이(가) 가장 큰 문제라고 생각합니다.",리더십·관계
R0376,ORG37,1,31,10.1,2.333,3.25,3.4,3.812,우리 회사의 인재개발에서 개선이 필요한 점은 무엇입니까?,"생각 차원에서 볼 때, 자격증 콘텐츠 관련해서 만족스러운 편입니다.",교육·학습
R0378,ORG37,2,34,2.1,3.667,4.167,3.8,3.062,우리 회사의 인재개발에서 개선이 필요한 점은 무엇입니까?,"회사 차원에서 볼 때, 온라인 학습시간 학습이(가) 가장 큰 문제라고 생각합니다. 평가 만족 형평성 처우이(가) 가장 큰 문제라고 생각합니다.",교육·학습
R0380,ORG37,2,27,2.3,3.0,2.667,3.8,2.312,우리 회사의 인재개발에서 개선이 필요한 점은 무엇입니까?,평가 수당 만족 때문에 고민이 많습니다. 강의 학습시간 온라인 과정에 대한 지원이 부족합니다. 스트레스 야근 여유 문제가 반복되고 있습니다.,보상·처우
R0381,ORG37,1,28,1.8,3.667,3.333,3.8,2.938,우리 회사의 인재개발에서 개선이 필요한 점은 무엇입니까?,커리어 전문성 승진 자기계발 측면은 잘 되어 있다고 봅니다. 교육비 강의 스터디 부분에서 개선이 필요합니다.,경력·성장
R0382,ORG38,1,32,1.0,2.333,3.417,3.4,3.125,우리 회사의 인재개발에서 개선이 필요한 점은 무엇입니까?,실습 스터디 콘텐츠 교육에 대한 지원이 부족합니다.,교육·학습
R0383,ORG38,1,35,6.6,4.0,3.583,3.8,3.5,우리 회사의 인재개발에서 개선이 필요한 점은 무엇입니까?,,업무량·소진
R0384,ORG38,2,27,1.6,3.0,3.25,3.6,3.562,우리 회사의 인재개발에서 개선이 필요한 점은 무엇입니까?,"회사 차원에서 볼 때, 회사가 실습 교육에 더 신경 써 주면 좋겠습니다. 전문성 자기계발 장기적에 대한 지원이 부족합니다. 존중 소통 때문에 고민이 많습니다.",교육·학습
R0385,ORG38,2,28,1.0,2.0,3.917,2.2,3.133,우리 회사의 인재개발에서 개선이 필요한 점은 무엇입니까?,코칭 상사 문제가 반복되고 있습니다. 회사가 워라밸 업무량 스트레스에 더 신경 써 주면 좋겠습니다.,리더십·관계
R0387,ORG38,2,27,4.6,4.667,4.083,3.5,4.312,우리 회사의 인재개발에서 개선이 필요한 점은 무엇입니까?,"우리 차원에서 볼 때, 업무량 인력부족 워라밸 부분에서 개선이 필요합니다.",업무량·소진
R0388,ORG38,2,34,0.5,3.667,2.917,3.0,3.125,우리 회사의 인재개발에서 개선이 필요한 점은 무엇입니까?,"부서 차원에서 볼 때, 인력부족 일정 피로 업무량 문제가 반복되고 있습니다. 코칭 신뢰 때문에 고민이 많습니다.",업무량·소진
R0389,ORG38,2,28,1.1,3.333,2.917,3.6,3.875,우리 회사의 인재개발에서 개선이 필요한 점은 무엇입니까?,"생각 차원에서 볼 때, 교육 온라인 문제가 반복되고 있습니다.",교육·학습
R0390,ORG38,1,29,7.6,3.667,3.667,3.0,4.125,우리 회사의 인재개발에서 개선이 필요한 점은 무엇입니까?,자기계발 경력경로 역량개발 전문성 때문에 고민이 많습니다.,경력·성장
R0392,ORG38,1,37,2.7,2.667,2.25,3.2,2.062,우리 회사의 인재개발에서 개선이 필요한 점은 무엇입니까?,임금 형평성 관련해서 만족스러운 편입니다. 부담 야근 일정 워라밸 문제가 반복되고 있습니다.,보상·처우
R0393,ORG39,2,30,6.8,3.0,2.5,3.2,2.5,우리 회사의 인재개발에서 개선이 필요한 점은 무엇입니까?,인센티브 연봉 만족 승급 때문에 고민이 많습니다.,보상·처우
R0394,ORG39,2,32,8.6,3.333,3.917,4.2,2.938,우리 회사의 인재개발에서 개선이 필요한 점은 무엇입니까?,,업무량·소진
R0395,ORG39,1,30,2.3,2.333,3.583,3.8,3.75,우리 회사의 인재개발에서 개선이 필요한 점은 무엇입니까?,회사가 협업 팀장 코칭 피드백에 더 신경 써 주면 좋겠습니다. 회사가 자기계발 성장 장기적에 더 신경 써 주면 좋겠습니다.,리더십·관계
R0397,ORG39,1,35,6.2,4.333,3.083,3.4,3.312,우리 회사의 인재개발에서 개선이 필요한 점은 무엇입니까?,평가 형평성 복지 연봉이(가) 가장 큰 문제라고 생각합니다. 회사가 스터디 교육비 교육에 더 신경 써 주면 좋겠습니다.,보상·처우
R0398,ORG39,1,29,2.5,3.0,3.0,3.0,3.0,우리 회사의 인재개발에서 개선이 필요한 점은 무엇입니까?,"직원 차원에서 볼 때, 존중 동료 리더 협업 부분에서 개선이 필요합니다. 자기계발 성장 경력경로 문제가 반복되고 있습니다. 야근 여유 인력부족 업무량 관련해서 만족스러운 편입니다.",리더십·관계
R0399,ORG39,1,34,4.4,3.667,2.917,3.6,3.188,우리 회사의 인재개발에서 개선이 필요한 점은 무엇입니까?,,교육·학습
R0400,ORG39,2,24,4.5,3.333,3.583,3.8,3.688,우리 회사의 인재개발에서 개선이 필요한 점은 무엇입니까?,"현재 차원에서 볼 때, 직무전환 자기계발 승진에 대한 지원이 부족합니다.",경력·성장
R0401,ORG39,1,29,3.6,2.667,3.25,3.8,2.875,우리 회사의 인재개발에서 개선이 필요한 점은 무엇입니까?,스트레스 휴식 인력부족 야근 때문에 고민이 많습니다. 회사가 신뢰 피드백 존중에 더 신경 써 주면 좋겠습니다.,업무량·소진
R0402,ORG39,2,28,7.1,2.667,4.167,3.4,3.375,우리 회사의 인재개발에서 개선이 필요한 점은 무엇입니까?,형평성 복지 부분에서 개선이 필요합니다.,보상·처우
R0403,ORG39,2,29,2.7,2.0,3.667,4.2,4.062,우리 회사의 인재개발에서 개선이 필요한 점은 무엇입니까?,"구성원 차원에서 볼 때, 과중 인력부족 문제가 반복되고 있습니다. 분위기 협업 리더 신뢰 문제가 반복되고 있습니다. 콘텐츠 자격증 연수이(가) 가장 큰 문제라고 생각합니다.",업무량·소진
R0404,ORG39,2,34,1.9,2.667,2.833,3.6,3.875,우리 회사의 인재개발에서 개선이 필요한 점은 무엇입니까?,승급 처우 연봉 관련해서 만족스러운 편입니다.,보상·처우
R0405,ORG40,2,29,0.8,5.0,3.0,4.4,2.438,우리 회사의 인재개발에서 개선이 필요한 점은 무엇입니까?,형평성 공정 보상 승급 측면은 잘 되어 있다고 봅니다. 워라밸 스트레스 야근 피로 측면은 잘 되어 있다고 봅니다.,보상·처우
R0407,ORG40,2,27,1.0,1.333,4.25,4.2,3.938,우리 회사의 인재개발에서 개선이 필요한 점은 무엇입니까?,비전 미래이(가) 가장 큰 문제라고 생각합니다.,경력·성장
R0408,ORG40,1,27,0.5,3.0,3.0,3.0,3.0,우리 회사의 인재개발에서 개선이 필요한 점은 무엇입니까?,없음,리더십·관계
R0409,ORG40,2,27,1.8,3.667,2.833,4.6,3.062,우리 회사의 인재개발에서 개선이 필요한 점은 무엇입니까?,"직원 차원에서 볼 때, 휴식 인력부족 때문에 고민이 많습니다.",업무량·소진
R0410,ORG40,2,28,3.0,2.333,3.25,4.0,3.312,우리 회사의 인재개발에서 개선이 필요한 점은 무엇입니까?,콘텐츠 실습 연수 때문에 고민이 많습니다. 자기계발 비전 경력경로에 대한 지원이 부족합니다.,교육·학습
R0411,ORG40,1,23,1.5,2.333,3.333,3.4,4.688,우리 회사의 인재개발에서 개선이 필요한 점은 무엇입니까?,"조직 차원에서 볼 때, 분위기 협업 소통에 대한 지원이 부족합니다. 성장 직무전환에 대한 지원이 부족합니다.",리더십·관계
R0412,ORG40,1,44,1.3,5.0,1.917,4.2,3.25,우리 회사의 인재개발에서 개선이 필요한 점은 무엇입니까?,임금 인센티브 보상 때문에 고민이 많습니다. 비전 경력 장기적 문제가 반복되고 있습니다.,보상·처우
R0413,ORG40,2,36,0.2,1.0,3.5,4.8,3.625,우리 회사의 인재개발에서 개선이 필요한 점은 무엇입니까?,회사가 피로 번아웃 과중에 더 신경 써 주면 좋겠습니다.,업무량·소진
R0414,ORG40,2,23,1.2,2.667,2.667,3.75,3.188,우리 회사의 인재개발에서 개선이 필요한 점은 무엇입니까?,"구성원 차원에서 볼 때, 스터디 학습시간 과정 때문에 고민이 많습니다. 공정 승급이(가) 가장 큰 문제라고 생각합니다.",교육·학습
R0415,ORG41,1,25,1.9,4.333,3.083,2.6,2.25,우리 회사의 인재개발에서 개선이 필요한 점은 무엇입니까?,"부서 차원에서 볼 때, 교육비 교육 콘텐츠 학습에 대한 지원이 부족합니다. 과중 피로 여유 일정이(가) 가장 큰 문제라고 생각합니다.",교육·학습
R0416,ORG41,1,32,2.6,3.0,3.083,2.8,3.688,우리 회사의 인재개발에서 개선이 필요한 점은 무엇입니까?,승진 전문성 경력경로 때문에 고민이 많습니다. 회사가 실습 강의 연수에 더 신경 써 주면 좋겠습니다.,경력·성장
R0417,ORG41,1,28,11.3,1.667,4.5,4.6,3.875,우리 회사의 인재개발에서 개선이 필요한 점은 무엇입니까?,관계 상사 존중 동료 때문에 고민이 많습니다. 실습 학습 문제가 반복되고 있습니다.,리더십·관계
R0419,ORG41,2,23,0.7,3.0,3.25,4.0,4.188,우리 회사의 인재개발에서 개선이 필요한 점은 무엇입니까?,없음,리더십·관계
R0420,ORG41,1,27,0.4,4.333,3.583,2.0,3.438,우리 회사의 인재개발에서 개선이 필요한 점은 무엇입니까?,"직원 차원에서 볼 때, 동료 소통 부분에서 개선이 필요합니다.",리더십·관계
R0421,ORG41,1,33,6.7,3.333,2.583,2.4,3.125,우리 회사의 인재개발에서 개선이 필요한 점은 무엇입니까?,회사가 과정 실습 교육에 더 신경 써 주면 좋겠습니다. 분위기 피드백에 대한 지원이 부족합니다.,교육·학습
R0422,ORG41,2,35,8.3,4.667,2.917,4.4,3.6,우리 회사의 인재개발에서 개선이 필요한 점은 무엇입니까?,"우리 차원에서 볼 때, 신뢰 코칭에 대한 지원이 부족합니다. 승급 수당 형평성 평가 때문에 고민이 많습니다.",리더십·관계
R0423,ORG41,2,34,2.1,4.333,3.333,3.8,3.438,우리 회사의 인재개발에서 개선이 필요한 점은 무엇입니까?,,교육·학습
R0425,ORG41,2,43,5.9,3.667,3.5,3.8,3.125,우리 회사의 인재개발에서 개선이 필요한 점은 무엇입니까?,"구성원 차원에서 볼 때, 학습 연수 스터디 온라인 때문에 고민이 많습니다. 휴식 번아웃 문제가 반복되고 있습니다.",교육·학습
R0426,ORG41,1,29,4.5,3.0,3.333,4.4,4.312,우리 회사의 인재개발에서 개선이 필요한 점은 무엇입니까?,"부서 차원에서 볼 때, 커리어 승진 역량개발 성장 문제가 반복되고 있습니다. 학습시간 교육이(가) 가장 큰 문제라고 생각합니다.",경력·성장
R0427,ORG42,2,29,1.2,3.333,2.083,2.6,2.75,우리 회사의 인재개발에서 개선이 필요한 점은 무엇입니까?,"현재 차원에서 볼 때, 비전 장기적 관련해서 만족스러운 편입니다. 회사가 인센티브 수당 평가 공정에 더 신경 써 주면 좋겠습니다.",경력·성장
R0428,ORG42,2,32,3.2,3.5,2.5,2.2,2.062,우리 회사의 인재개발에서 개선이 필요한 점은 무엇입니까?,학습시간 교육 측면은 잘 되어 있다고 봅니다. 일정 업무량 스트레스 때문에 고민이 많습니다.,교육·학습
R0430,ORG42,2,31,3.2,5.0,3.333,3.4,2.812,우리 회사의 인재개발에서 개선이 필요한 점은 무엇입니까?,처우 승급 연봉 보상 측면은 잘 되어 있다고 봅니다.,보상·처우
R0431,ORG42,1,22,7.0,3.0,3.25,4.0,3.25,우리 회사의 인재개발에서 개선이 필요한 점은 무엇입니까?,"우리 차원에서 볼 때, 연봉 인센티브에 대한 지원이 부족합니다. 미래 경력 전문성 승진이(가) 가장 큰 문제라고 생각합니다.",보상·처우
R0432,ORG42,1,30,3.0,2.667,3.083,3.0,3.062,우리 회사의 인재개발에서 개선이 필요한 점은 무엇입니까?,없음,교육·학습
R0433,ORG42,1,35,6.8,2.667,3.333,2.8,3.25,우리 회사의 인재개발에서 개선이 필요한 점은 무엇입니까?,학습시간 교육비 연수 때문에 고민이 많습니다. 소통 피드백 상사 분위기 문제가 반복되고 있습니다.,교육·학습
R0434,ORG42,2,27,3.7,2.667,3.25,3.8,3.625,우리 회사의 인재개발에서 개선이 필요한 점은 무엇입니까?,"현재 차원에서 볼 때, 회사가 리더 존중 신뢰에 더 신경 써 주면 좋겠습니다.",리더십·관계
R0435,ORG42,2,30,1.8,1.667,1.75,2.4,2.688,우리 회사의 인재개발에서 개선이 필요한 점은 무엇입니까?,회사가 코칭 리더 소통에 더 신경 써 주면 좋겠습니다.,리더십·관계
R0436,ORG42,1,41,3.6,3.0,3.667,2.6,3.312,우리 회사의 인재개발에서 개선이 필요한 점은 무엇입니까?,,업무량·소진
R0437,ORG42,2,29,0.0,1.667,3.167,3.4,3.125,우리 회사의 인재개발에서 개선이 필요한 점은 무엇입니까?,"현재 차원에서 볼 때, 회사가 평가 형평성에 더 신경 써 주면 좋겠습니다.",보상·처우
R0439,ORG43,2,29,3.3,4.0,4.083,3.2,4.562,우리 회사의 인재개발에서 개선이 필요한 점은 무엇입니까?,경력 미래 전문성에 대한 지원이 부족합니다. 교육비 온라인이(가) 가장 큰 문제라고 생각합니다.,경력·성장
R0440,ORG43,2,26,3.6,4.0,2.25,2.6,3.375,우리 회사의 인재개발에서 개선이 필요한 점은 무엇입니까?,복지 평가이(가) 가장 큰 문제라고 생각합니다. 커리어 성장 승진 측면은 잘 되어 있다고 봅니다. 부담 휴식 일정 과중 문제가 반복되고 있습니다.,보상·처우
R0441,ORG43,1,22,1.4,3.333,4.083,4.2,3.188,우리 회사의 인재개발에서 개선이 필요한 점은 무엇입니까?,야근 휴식 업무량에 대한 지원이 부족합니다.,업무량·소진
R0442,ORG43,2,30,1.4,5.0,3.75,4.0,2.062,우리 회사의 인재개발에서 개선이 필요한 점은 무엇입니까?,"생각 차원에서 볼 때, 승급 연봉 형평성 관련해서 만족스러운 편입니다. 강의 실습 연수 교육이(가) 가장 큰 문제라고 생각합니다. 여유 피로 야근 때문에 고민이 많습니다.",보상·처우
R0443,ORG43,2,25,1.2,4.333,4.083,4.6,4.188,우리 회사의 인재개발에서 개선이 필요한 점은 무엇입니까?,"필요 차원에서 볼 때, 장기적 성장 전문성 승진 측면은 잘 되어 있다고 봅니다. 스트레스 인력부족 휴식 부담 문제가 반복되고 있습니다.",경력·성장
R0445,ORG44,2,22,0.4,3.0,3.917,4.6,3.062,우리 회사의 인재개발에서 개선이 필요한 점은 무엇입니까?,"우리 차원에서 볼 때, 교육 학습시간 측면은 잘 되어 있다고 봅니다. 팀장 상사 소통 코칭 때문에 고민이 많습니다.",교육·학습
R0446,ORG44,2,31,2.2,4.333,2.417,2.2,2.688,우리 회사의 인재개발에서 개선이 필요한 점은 무엇입니까?,"부서 차원에서 볼 때, 인센티브 수당 보상 문제가 반복되고 있습니다.",보상·처우
R0447,ORG44,2,32,2.4,3.667,2.25,2.8,2.562,우리 회사의 인재개발에서 개선이 필요한 점은 무엇입니까?,온라인 스터디 실습 연수이(가) 가장 큰 문제라고 생각합니다.,교육·학습
R0448,ORG44,1,24,3.2,2.667,3.833,2.6,2.938,우리 회사의 인재개발에서 개선이 필요한 점은 무엇입니까?,,교육·학습
R0449,ORG44,1,37,4.4,3.667,2.583,3.2,3.133,우리 회사의 인재개발에서 개선이 필요한 점은 무엇입니까?,없음,교육·학습
R0450,ORG44,1,31,0.7,3.0,3.583,2.2,4.0,우리 회사의 인재개발에서 개선이 필요한 점은 무엇입니까?,실습 스터디 교육에 대한 지원이 부족합니다. 승진 자기계발 전문성 비전에 대한 지원이 부족합니다.,교육·학습
R0451,ORG44,2,24,3.9,2.667,3.833,2.6,3.0,우리 회사의 인재개발에서 개선이 필요한 점은 무엇입니까?,"요즘 차원에서 볼 때, 학습시간 연수 강의 실습 관련해서 만족스러운 편입니다. 연봉 보상 부분에서 개선이 필요합니다.",교육·학습
R0452,ORG44,1,41,5.0,3.0,4.417,2.4,3.438,우리 회사의 인재개발에서 개선이 필요한 점은 무엇입니까?,피드백 분위기 상사 관계 때문에 고민이 많습니다.,리더십·관계
R0453,ORG45,1,35,3.5,3.667,2.833,2.6,2.312,우리 회사의 인재개발에서 개선이 필요한 점은 무엇입니까?,"부서 차원에서 볼 때, 피로 인력부족 여유 업무량 측면은 잘 되어 있다고 봅니다.",업무량·소진
R0454,ORG45,1,36,7.7,4.0,3.455,4.2,2.562,우리 회사의 인재개발에서 개선이 필요한 점은 무엇입니까?,실습 교육비 학습 관련해서 만족스러운 편입니다. 보상 처우 연봉 부분에서 개선이 필요합니다.,교육·학습
R0455,ORG45,2,36,2.3,2.0,4.25,3.8,3.875,우리 회사의 인재개발에서 개선이 필요한 점은 무엇입니까?,학습 과정 강의 부분에서 개선이 필요합니다. 부담 번아웃 여유 휴식 부분에서 개선이 필요합니다.,교육·학습
R0456,ORG45,2,32,0.7,3.667,4.0,2.6,4.0,우리 회사의 인재개발에서 개선이 필요한 점은 무엇입니까?,커리어 역량개발 자기계발 장기적 관련해서 만족스러운 편입니다.,경력·성장
R0457,ORG45,1,33,2.2,2.333,3.667,2.6,3.125,우리 회사의 인재개발에서 개선이 필요한 점은 무엇입니까?,"직원 차원에서 볼 때, 학습 스터디 콘텐츠 부분에서 개선이 필요합니다.",교육·학습
R0458,ORG45,2,36,5.7,3.0,2.75,2.0,2.938,우리 회사의 인재개발에서 개선이 필요한 점은 무엇입니까?,"부서 차원에서 볼 때, 역량개발 승진 성장 커리어 관련해서 만족스러운 편입니다. 관계 코칭 소통에 대한 지원이 부족합니다.",경력·성장
R0459,ORG45,1,29,0.8,3.667,4.25,3.0,3.312,우리 회사의 인재개발에서 개선이 필요한 점은 무엇입니까?,동료 팀장 협업 신뢰 측면은 잘 되어 있다고 봅니다. 승급 보상 문제가 반복되고 있습니다.,리더십·관계
R0460,ORG45,1,28,0.2,5.0,3.0,4.2,3.25,우리 회사의 인재개발에서 개선이 필요한 점은 무엇입니까?,"회사 차원에서 볼 때, 미래 전문성 경력경로 자기계발 측면은 잘 되어 있다고 봅니다. 존중 코칭 부분에서 개선이 필요합니다.",경력·성장
R0462,ORG46,1,39,1.8,4.0,4.0,4.0,4.0,우리 회사의 인재개발에서 개선이 필요한 점은 무엇입니까?,회사가 강의 스터디에 더 신경 써 주면 좋겠습니다. 인력부족 업무량 과중 스트레스 문제가 반복되고 있습니다.,교육·학습
R0463,ORG46,1,30,2.2,3.0,2.273,1.8,3.688,우리 회사의 인재개발에서 개선이 필요한 점은 무엇입니까?,회사가 만족 평가에 더 신경 써 주면 좋겠습니다.,보상·처우
R0464,ORG46,1,32,3.8,2.667,3.417,4.0,3.812,우리 회사의 인재개발에서 개선이 필요한 점은 무엇입니까?,"회사 차원에서 볼 때, 협업 상사 리더 분위기 부분에서 개선이 필요합니다.",리더십·관계
R0465,ORG46,2,33,3.9,4.333,2.333,2.6,3.188,우리 회사의 인재개발에서 개선이 필요한 점은 무엇입니까?,"필요 차원에서 볼 때, 온라인 스터디에 대한 지원이 부족합니다. 일정 스트레스 인력부족 측면은 잘 되어 있다고 봅니다.",교육·학습
R0466,ORG46,1,31,7.9,3.0,2.583,1.4,2.875,우리 회사의 인재개발에서 개선이 필요한 점은 무엇입니까?,"우리 차원에서 볼 때, 교육비 과정 콘텐츠 문제가 반복되고 있습니다. 임금 형평성 공정 측면은 잘 되어 있다고 봅니다. 휴식 부담 업무량 야근에 대한 지원이 부족합니다.",교육·학습
R0467,ORG46,1,30,1.1,3.667,3.417,2.8,4.375,우리 회사의 인재개발에서 개선이 필요한 점은 무엇입니까?,성장 미래 승진 전문성 문제가 반복되고 있습니다.,경력·성장
R0468,ORG46,1,38,8.7,4.333,3.25,3.6,1.812,우리 회사의 인재개발에서 개선이 필요한 점은 무엇입니까?,"직원 차원에서 볼 때, 스트레스 업무량 측면은 잘 되어 있다고 봅니다. 분위기 팀장 피드백 상사 관련해서 만족스러운 편입니다. 복지 승급 만족이(가) 가장 큰 문제라고 생각합니다.",업무량·소진
